{
  "pools": [{
    "rolls": 1,
    "entries": [{
      "type": "minecraft:item",
      "weight": 1,
      "functions": [{
          "function": "minecraft:set_nbt",
          "tag": "{CustomModelData:9006300,Tags:[chk.trophy,chk.trophy.enderman]}"
        },
        {
          "function": "minecraft:set_name",
          "name": {
            "translate": "item.trophy.enderman",
            "italic": false,
            "color": "white"
          }
        },
        {
          "function": "minecraft:set_lore",
          "lore": [
            {
              "translate": "pack.mob_trophy",
              "color": "#732012",
              "italic": false
            }
          ]
        }
      ],
      "name": "minecraft:jungle_trapdoor"
    }]
  }]
}