{
    "criteria": {
        "requirement": {
            "trigger": "minecraft:item_used_on_block",
            "conditions": {
                "player": {
                    "equipment": {
                        "mainhand": {
                            "nbt": "{data:{om_item:\"nereus_seeds\"}}"
                        }
                    }
                },
                "location": [
                    {
                        "condition": "minecraft:block_state_property",
                        "block": "minecraft:farmland",
                        "properties": {}
                    }
                ]
            }
        }
    },
    "rewards": {
        "function": "om_harvest:player/plant/nereus"
    }
}  