{
    "type": "entity",
    "pools": [
      {
        "rolls": 1,
        "entries": [
          {
            "type": "item",
            "name": "minecraft:player_head",
            "functions": [
              {
                "function": "set_name",
                "name": {
                  "text": "Mailbox",
                  "color": "yellow",
                  "bold": false,
                  "italic": false
                },
                "entity": "this"
              },
              {
                "function": "set_nbt",
                "tag": "{mailbox:1b,furniture:1b,CustomModelData:100,display:{Name:'{\"text\":\"Mailbox\",\"color\":\"yellow\",\"italic\":false}'},SkullOwner:{Id:[I;939154418,-1284881654,-1190333344,371768757],Properties:{textures:[{Value:\"eyJ0ZXh0dXJlcyI6eyJTS0lOIjp7InVybCI6Imh0dHA6Ly90ZXh0dXJlcy5taW5lY3JhZnQubmV0L3RleHR1cmUvYWI3NWFlMjU2NzNiODAyYjE3YTJjMDhkMjI0NjExN2E2ZDMzNTMxZDZiY2RlOTA4ZGQ1YjBiMTg4MDAzYjMzMyJ9fX0=\"}]}}}"
            }
            ]
          }
        ]
      }
    ]
  }
