{
  "pools": [{
    "rolls": 1,
    "entries": [{
      "type": "minecraft:item",
      "weight": 1,
      "functions": [{
          "function": "minecraft:set_nbt",
          "tag": "{CustomModelData:9001031,Tags:[chk.chair,chk.chair.basic,chk.chair.deepslate_brick]}"
        },
        {
          "function": "minecraft:set_name",
          "name": {
            "translate": "item.tac.chair.deepslate_brick.basic",
            "italic": false,
            "color": "white"
          }
        },
        {
          "function": "minecraft:set_lore",
          "lore": [
            {
              "translate": "pack.tac_chk",
              "color": "#732012",
              "italic": false
            }
          ]
        }
      ],
      "name": "minecraft:jungle_trapdoor"
    }]
  }]
}