{
  "pools": [{
    "rolls": 1,
    "entries": [{
      "type": "minecraft:item",
      "weight": 1,
      "functions": [{
          "function": "minecraft:set_nbt",
          "tag": "{CustomModelData:9001107,Tags:[chk.chair,chk.chair.carved,chk.chair.warped]}"
        },
        {
          "function": "minecraft:set_name",
          "name": {
            "translate": "item.tac.chair.warped.carved",
            "italic": false,
            "color": "white"
          }
        },
        {
          "function": "minecraft:set_lore",
          "lore": [
            {
              "translate": "pack.tac_chk",
              "color": "#732012",
              "italic": false
            },
            {
              "translate": "item.tac.chair.carved_description.1",
              "color": "#a8e2e3",
              "italic": false
            },
            {
              "translate": "item.tac.chair.carved_description.2",
              "color": "#a8e2e3",
              "italic": false
            }
          ]
        }
      ],
      "name": "minecraft:jungle_trapdoor"
    }]
  }]
}