{
  "name": "dungeons_arise:bandit/bandit_towers/bandit_towers_main",
  "fallback": "dungeons_arise:bandit/bandit_towers/bandit_towers_terminators",
  "elements": [
    {
      "weight": 1,
      "element": {
        "location": "dungeons_arise:bandit_towers/bandit_towers_part_0",
        "processors": "minecraft:empty",
        "projection": "rigid",
        "element_type": "minecraft:single_pool_element"
      }
    },
    {
      "weight": 1,
      "element": {
        "location": "dungeons_arise:bandit_towers/bandit_towers_part_1",
        "processors": "minecraft:empty",
        "projection": "rigid",
        "element_type": "minecraft:single_pool_element"
      }
    },
    {
      "weight": 1,
      "element": {
        "location": "dungeons_arise:bandit_towers/bandit_towers_part_2",
        "processors": "minecraft:empty",
        "projection": "rigid",
        "element_type": "minecraft:single_pool_element"
      }
    },
    {
      "weight": 1,
      "element": {
        "location": "dungeons_arise:bandit_towers/bandit_towers_part_3",
        "processors": "minecraft:empty",
        "projection": "rigid",
        "element_type": "minecraft:single_pool_element"
      }
    },
    {
      "weight": 1,
      "element": {
        "location": "dungeons_arise:bandit_towers/bandit_towers_part_4",
        "processors": "minecraft:empty",
        "projection": "rigid",
        "element_type": "minecraft:single_pool_element"
      }
    }
  ]
}