{
  "type": "minecraft:chest",
  "pools": [
    {
      "rolls": 1,
      "entries": [
        {
          "type": "minecraft:empty",
          "weight": 18
        },
        {
          "type": "minecraft:item",
          "name": "minecraft:iron_axe",
          "functions": [
            {
              "function": "minecraft:set_attributes",
              "modifiers": [
                {
                  "attribute": "minecraft:generic.knockback_resistance",
                  "name": "",
                  "amount": 1,
                  "operation": "addition",
                  "slot": [
                    "offhand",
                    "mainhand"
                  ]
                }
              ]
            },
            {
              "function": "minecraft:set_attributes",
              "modifiers": [
                {
                  "attribute": "minecraft:generic.attack_damage",
                  "name": "",
                  "amount": {
                    "min": 3,
                    "max": 4
                  },
                  "operation": "addition",
                  "slot": "mainhand"
                }
              ]
            }
          ]
        }
      ]
    },
    {
      "rolls": 1,
      "entries": [
        {
          "type": "minecraft:item",
          "name": "minecraft:gunpowder",
          "functions": [
            {
              "function": "minecraft:set_count",
              "count": {
                "min": 4,
                "max": 8
              }
            }
          ]
        },
        {
          "type": "minecraft:item",
          "name": "minecraft:experience_bottle",
          "functions": [
            {
              "function": "minecraft:set_count",
              "count": {
                "min": 12,
                "max": 16
              }
            }
          ]
        }
      ]
    },
    {
      "rolls": 1,
      "entries": [
        {
          "type": "minecraft:item",
          "name": "minecraft:diamond_helmet",
          "functions": [
            {
              "function": "minecraft:enchant_with_levels",
              "levels": 15
            }
          ]
        },
        {
          "type": "minecraft:item",
          "name": "minecraft:diamond_leggings",
          "functions": [
            {
              "function": "minecraft:enchant_with_levels",
              "levels": 15
            }
          ]
        },
        {
          "type": "minecraft:item",
          "name": "minecraft:diamond_chestplate",
          "functions": [
            {
              "function": "minecraft:enchant_with_levels",
              "levels": 15
            }
          ]
        },
        {
          "type": "minecraft:item",
          "name": "minecraft:diamond_boots",
          "functions": [
            {
              "function": "minecraft:enchant_with_levels",
              "levels": 15
            }
          ]
        }
      ]
    },
    {
      "rolls": {
        "min": 1,
        "max": 2
      },
      "entries": [
        {
          "type": "minecraft:item",
          "name": "minecraft:diamond",
          "functions": [
            {
              "function": "minecraft:set_count",
              "count": {
                "min": 4,
                "max": 8
              }
            }
          ]
        },
        {
          "type": "minecraft:item",
          "name": "minecraft:gold_ingot",
          "functions": [
            {
              "function": "minecraft:set_count",
              "count": {
                "min": 4,
                "max": 16
              }
            }
          ]
        },
        {
          "type": "minecraft:item",
          "name": "minecraft:iron_ingot",
          "functions": [
            {
              "function": "minecraft:set_count",
              "count": {
                "min": 12,
                "max": 24
              }
            }
          ]
        },
        {
          "type": "minecraft:item",
          "name": "minecraft:gold_block",
          "functions": [
            {
              "function": "minecraft:set_count",
              "count": 1
            }
          ]
        }
      ]
    },
    {
      "rolls": 1,
      "entries": [
        {
          "type": "minecraft:loot_table",
          "name": "minecraft:chests/woodland_mansion"
        }
      ]
    }
  ]
}