{
	"textures": {
		"0": "animated_java:item/everild/texture"
	},
	"elements": [
		{
			"from": [
				4.5,
				19.2,
				7.7
			],
			"to": [
				11.5,
				22.5,
				10.5
			],
			"faces": {
				"north": {
					"uv": [
						9,
						6,
						10.75,
						6.8125
					],
					"texture": "#0"
				},
				"east": {
					"uv": [
						5.5,
						12.75,
						6.1875,
						13.5625
					],
					"texture": "#0"
				},
				"south": {
					"uv": [
						9,
						7,
						10.75,
						7.8125
					],
					"texture": "#0"
				},
				"west": {
					"uv": [
						12.75,
						6.75,
						13.4375,
						7.5625
					],
					"texture": "#0"
				},
				"up": {
					"uv": [
						12,
						2.4375,
						10.25,
						1.75
					],
					"texture": "#0"
				},
				"down": {
					"uv": [
						12,
						2.5,
						10.25,
						3.1875
					],
					"texture": "#0"
				}
			}
		},
		{
			"from": [
				5.3,
				19.1,
				9.9
			],
			"to": [
				10.6,
				22.1,
				12
			],
			"faces": {
				"north": {
					"uv": [
						0,
						9.5,
						1.3125,
						10.25
					],
					"texture": "#0"
				},
				"east": {
					"uv": [
						14,
						7.25,
						14.5,
						8
					],
					"texture": "#0"
				},
				"south": {
					"uv": [
						8,
						10.5,
						9.3125,
						11.25
					],
					"texture": "#0"
				},
				"west": {
					"uv": [
						7.75,
						14,
						8.25,
						14.75
					],
					"texture": "#0"
				},
				"up": {
					"uv": [
						13.8125,
						2,
						12.5,
						1.5
					],
					"texture": "#0"
				},
				"down": {
					"uv": [
						13.8125,
						2,
						12.5,
						2.5
					],
					"texture": "#0"
				}
			}
		},
		{
			"from": [
				4.5004,
				20.2,
				3.3
			],
			"to": [
				11.4004,
				24.2,
				7.1
			],
			"faces": {
				"north": {
					"uv": [
						7,
						2.25,
						8.75,
						3.25
					],
					"texture": "#0"
				},
				"east": {
					"uv": [
						10.75,
						5.5,
						11.6875,
						6.5
					],
					"texture": "#0"
				},
				"south": {
					"uv": [
						0,
						7.25,
						1.75,
						8.25
					],
					"texture": "#0"
				},
				"west": {
					"uv": [
						10.75,
						6.5,
						11.6875,
						7.5
					],
					"texture": "#0"
				},
				"up": {
					"uv": [
						9,
						8.1875,
						7.25,
						7.25
					],
					"texture": "#0"
				},
				"down": {
					"uv": [
						3.5,
						7.75,
						1.75,
						8.6875
					],
					"texture": "#0"
				}
			}
		},
		{
			"from": [
				8.7,
				19.9,
				2.8
			],
			"to": [
				10.3,
				24.8,
				4.4
			],
			"rotation": {
				"angle": 45,
				"axis": "y",
				"origin": [
					11.7,
					23.2,
					3.7
				]
			},
			"faces": {
				"north": {
					"uv": [
						13.25,
						4.5,
						13.625,
						5.75
					],
					"texture": "#0"
				},
				"east": {
					"uv": [
						10.5,
						13.25,
						10.875,
						14.5
					],
					"texture": "#0"
				},
				"south": {
					"uv": [
						11,
						13.25,
						11.375,
						14.5
					],
					"texture": "#0"
				},
				"west": {
					"uv": [
						11.5,
						13.25,
						11.875,
						14.5
					],
					"texture": "#0"
				},
				"up": {
					"uv": [
						15.125,
						15.125,
						14.75,
						14.75
					],
					"texture": "#0"
				},
				"down": {
					"uv": [
						15.375,
						0.5,
						15,
						0.875
					],
					"texture": "#0"
				}
			}
		},
		{
			"from": [
				4.6249,
				20.5,
				5.2
			],
			"to": [
				11.3999,
				23.7,
				9.8
			],
			"rotation": {
				"angle": 22.5,
				"axis": "x",
				"origin": [
					8,
					25,
					5.2
				]
			},
			"faces": {
				"north": {
					"uv": [
						2.75,
						9.5,
						4.5,
						10.3125
					],
					"texture": "#0"
				},
				"east": {
					"uv": [
						0,
						11,
						1.125,
						11.8125
					],
					"texture": "#0"
				},
				"south": {
					"uv": [
						4.5,
						9.5,
						6.25,
						10.3125
					],
					"texture": "#0"
				},
				"west": {
					"uv": [
						9.5,
						11,
						10.625,
						11.8125
					],
					"texture": "#0"
				},
				"up": {
					"uv": [
						7.25,
						6.375,
						5.5,
						5.25
					],
					"texture": "#0"
				},
				"down": {
					"uv": [
						1.75,
						6,
						0,
						7.125
					],
					"texture": "#0"
				}
			}
		},
		{
			"from": [
				4.475099999999999,
				19.8,
				1.5999999999999996
			],
			"to": [
				11.5246,
				23,
				5.6
			],
			"rotation": {
				"angle": -22.5,
				"axis": "x",
				"origin": [
					8,
					25,
					5.2
				]
			},
			"faces": {
				"north": {
					"uv": [
						9.75,
						9,
						11.5,
						9.8125
					],
					"texture": "#0"
				},
				"east": {
					"uv": [
						1.25,
						11.25,
						2.25,
						12.0625
					],
					"texture": "#0"
				},
				"south": {
					"uv": [
						9.75,
						10,
						11.5,
						10.8125
					],
					"texture": "#0"
				},
				"west": {
					"uv": [
						2.25,
						11.25,
						3.25,
						12.0625
					],
					"texture": "#0"
				},
				"up": {
					"uv": [
						9,
						4.25,
						7.25,
						3.25
					],
					"texture": "#0"
				},
				"down": {
					"uv": [
						9,
						4.25,
						7.25,
						5.25
					],
					"texture": "#0"
				}
			}
		},
		{
			"from": [
				4.5503,
				21.7,
				3.7
			],
			"to": [
				11.4483,
				24.9,
				12.6
			],
			"rotation": {
				"angle": 22.5,
				"axis": "x",
				"origin": [
					8,
					25,
					5.2
				]
			},
			"faces": {
				"north": {
					"uv": [
						6.25,
						9.5,
						8,
						10.3125
					],
					"texture": "#0"
				},
				"east": {
					"uv": [
						6.5,
						1.25,
						8.75,
						2.0625
					],
					"texture": "#0"
				},
				"south": {
					"uv": [
						8,
						9.5,
						9.75,
						10.3125
					],
					"texture": "#0"
				},
				"west": {
					"uv": [
						1.75,
						6.75,
						4,
						7.5625
					],
					"texture": "#0"
				},
				"up": {
					"uv": [
						1.75,
						2.25,
						0,
						0
					],
					"texture": "#0"
				},
				"down": {
					"uv": [
						3.5,
						0,
						1.75,
						2.25
					],
					"texture": "#0"
				}
			}
		},
		{
			"from": [
				4.502,
				18.8,
				-0.25
			],
			"to": [
				11.5,
				27.5,
				3.9000000000000004
			],
			"rotation": {
				"angle": 0,
				"axis": "y",
				"origin": [
					8,
					25,
					5.2
				]
			},
			"faces": {
				"north": {
					"uv": [
						0,
						2.25,
						1.75,
						4.4375
					],
					"texture": "#0"
				},
				"east": {
					"uv": [
						1.75,
						4.5,
						2.8125,
						6.6875
					],
					"texture": "#0"
				},
				"south": {
					"uv": [
						1.75,
						2.25,
						3.5,
						4.4375
					],
					"texture": "#0"
				},
				"west": {
					"uv": [
						3,
						4.5,
						4.0625,
						6.6875
					],
					"texture": "#0"
				},
				"up": {
					"uv": [
						8.25,
						1.0625,
						6.5,
						0
					],
					"texture": "#0"
				},
				"down": {
					"uv": [
						7.25,
						6.5,
						5.5,
						7.5625
					],
					"texture": "#0"
				}
			}
		},
		{
			"from": [
				7.9,
				26.9,
				-0.29989999999999917
			],
			"to": [
				10.899000000000001,
				29.4,
				3.9001
			],
			"rotation": {
				"angle": -22.5,
				"axis": "z",
				"origin": [
					8,
					25,
					5.2
				]
			},
			"faces": {
				"north": {
					"uv": [
						2.75,
						8.75,
						3.5,
						9.375
					],
					"texture": "#0"
				},
				"east": {
					"uv": [
						12.25,
						8,
						13.3125,
						8.625
					],
					"texture": "#0"
				},
				"south": {
					"uv": [
						13.25,
						5.75,
						14,
						6.375
					],
					"texture": "#0"
				},
				"west": {
					"uv": [
						12.25,
						8.75,
						13.3125,
						9.375
					],
					"texture": "#0"
				},
				"up": {
					"uv": [
						8.75,
						12.3125,
						8,
						11.25
					],
					"texture": "#0"
				},
				"down": {
					"uv": [
						9.5,
						11.25,
						8.75,
						12.3125
					],
					"texture": "#0"
				}
			}
		},
		{
			"from": [
				5,
				26.9,
				-0.29989999999999917
			],
			"to": [
				7.999,
				29.4,
				3.9001
			],
			"rotation": {
				"angle": 22.5,
				"axis": "z",
				"origin": [
					8,
					25,
					5.2
				]
			},
			"faces": {
				"north": {
					"uv": [
						13.5,
						6.5,
						14.25,
						7.125
					],
					"texture": "#0"
				},
				"east": {
					"uv": [
						12.5,
						0,
						13.5625,
						0.625
					],
					"texture": "#0"
				},
				"south": {
					"uv": [
						7,
						13.5,
						7.75,
						14.125
					],
					"texture": "#0"
				},
				"west": {
					"uv": [
						12.5,
						0.75,
						13.5625,
						1.375
					],
					"texture": "#0"
				},
				"up": {
					"uv": [
						12.25,
						9.0625,
						11.5,
						8
					],
					"texture": "#0"
				},
				"down": {
					"uv": [
						12.25,
						9.25,
						11.5,
						10.3125
					],
					"texture": "#0"
				}
			}
		},
		{
			"from": [
				6.8,
				26.8,
				2
			],
			"to": [
				8.999,
				28.1,
				4.8
			],
			"rotation": {
				"angle": 0,
				"axis": "y",
				"origin": [
					8,
					25,
					5.2
				]
			},
			"faces": {
				"north": {
					"uv": [
						14.75,
						9.5,
						15.3125,
						9.8125
					],
					"texture": "#0"
				},
				"east": {
					"uv": [
						2.75,
						14.75,
						3.4375,
						15.0625
					],
					"texture": "#0"
				},
				"south": {
					"uv": [
						12.5,
						14.75,
						13.0625,
						15.0625
					],
					"texture": "#0"
				},
				"west": {
					"uv": [
						3.5,
						14.75,
						4.1875,
						15.0625
					],
					"texture": "#0"
				},
				"up": {
					"uv": [
						14.3125,
						4.9375,
						13.75,
						4.25
					],
					"texture": "#0"
				},
				"down": {
					"uv": [
						14.3125,
						5,
						13.75,
						5.6875
					],
					"texture": "#0"
				}
			}
		},
		{
			"from": [
				6.7989999999999995,
				25.4,
				3.5999999999999996
			],
			"to": [
				8.998,
				27.3002,
				6.4
			],
			"rotation": {
				"angle": 22.5,
				"axis": "x",
				"origin": [
					8,
					25,
					5.2
				]
			},
			"faces": {
				"north": {
					"uv": [
						14.25,
						6.5,
						14.8125,
						7
					],
					"texture": "#0"
				},
				"east": {
					"uv": [
						12.5,
						11,
						13.1875,
						11.5
					],
					"texture": "#0"
				},
				"south": {
					"uv": [
						6.75,
						14.25,
						7.3125,
						14.75
					],
					"texture": "#0"
				},
				"west": {
					"uv": [
						13.5,
						12.5,
						14.1875,
						13
					],
					"texture": "#0"
				},
				"up": {
					"uv": [
						6.0625,
						14.4375,
						5.5,
						13.75
					],
					"texture": "#0"
				},
				"down": {
					"uv": [
						10.3125,
						13.75,
						9.75,
						14.4375
					],
					"texture": "#0"
				}
			}
		},
		{
			"from": [
				6.8,
				25.1,
				5.6
			],
			"to": [
				8.999,
				27,
				8.4
			],
			"rotation": {
				"angle": 45,
				"axis": "x",
				"origin": [
					8,
					25,
					5.2
				]
			},
			"faces": {
				"north": {
					"uv": [
						14.25,
						10.25,
						14.8125,
						10.75
					],
					"texture": "#0"
				},
				"east": {
					"uv": [
						12,
						14,
						12.6875,
						14.5
					],
					"texture": "#0"
				},
				"south": {
					"uv": [
						14.25,
						10.75,
						14.8125,
						11.25
					],
					"texture": "#0"
				},
				"west": {
					"uv": [
						14,
						13,
						14.6875,
						13.5
					],
					"texture": "#0"
				},
				"up": {
					"uv": [
						13.8125,
						14.4375,
						13.25,
						13.75
					],
					"texture": "#0"
				},
				"down": {
					"uv": [
						1.3125,
						14,
						0.75,
						14.6875
					],
					"texture": "#0"
				}
			}
		},
		{
			"from": [
				6.8,
				23.6,
				8.6
			],
			"to": [
				8.999,
				25.5,
				11.4
			],
			"rotation": {
				"angle": 22.5,
				"axis": "x",
				"origin": [
					8,
					25,
					5.2
				]
			},
			"faces": {
				"north": {
					"uv": [
						14.25,
						11.25,
						14.8125,
						11.75
					],
					"texture": "#0"
				},
				"east": {
					"uv": [
						14,
						13.5,
						14.6875,
						14
					],
					"texture": "#0"
				},
				"south": {
					"uv": [
						14.25,
						11.75,
						14.8125,
						12.25
					],
					"texture": "#0"
				},
				"west": {
					"uv": [
						14,
						14,
						14.6875,
						14.5
					],
					"texture": "#0"
				},
				"up": {
					"uv": [
						2.0625,
						14.6875,
						1.5,
						14
					],
					"texture": "#0"
				},
				"down": {
					"uv": [
						14.5625,
						1.5,
						14,
						2.1875
					],
					"texture": "#0"
				}
			}
		},
		{
			"from": [
				6.8,
				25.8,
				10.8
			],
			"to": [
				8.999,
				27.7,
				13.6
			],
			"rotation": {
				"angle": 45,
				"axis": "x",
				"origin": [
					8,
					25,
					5.2
				]
			},
			"faces": {
				"north": {
					"uv": [
						14.25,
						12.25,
						14.8125,
						12.75
					],
					"texture": "#0"
				},
				"east": {
					"uv": [
						0,
						14.25,
						0.6875,
						14.75
					],
					"texture": "#0"
				},
				"south": {
					"uv": [
						14.5,
						0,
						15.0625,
						0.5
					],
					"texture": "#0"
				},
				"west": {
					"uv": [
						3,
						14.25,
						3.6875,
						14.75
					],
					"texture": "#0"
				},
				"up": {
					"uv": [
						2.8125,
						14.6875,
						2.25,
						14
					],
					"texture": "#0"
				},
				"down": {
					"uv": [
						14.5625,
						5.75,
						14,
						6.4375
					],
					"texture": "#0"
				}
			}
		},
		{
			"from": [
				6.7,
				18.65,
				10.66
			],
			"to": [
				9.1,
				20.79,
				13.059999999999999
			],
			"rotation": {
				"angle": 45,
				"axis": "x",
				"origin": [
					8.05,
					20.2,
					13.05
				]
			},
			"faces": {
				"north": {
					"uv": [
						13.5,
						10.25,
						14.1875,
						10.8125
					],
					"texture": "#0"
				},
				"east": {
					"uv": [
						12.75,
						14,
						13.25,
						14.5625
					],
					"texture": "#0"
				},
				"south": {
					"uv": [
						13.5,
						11,
						14.1875,
						11.5625
					],
					"texture": "#0"
				},
				"west": {
					"uv": [
						6.25,
						14.25,
						6.75,
						14.8125
					],
					"texture": "#0"
				},
				"up": {
					"uv": [
						7.1875,
						8.25,
						6.5,
						7.75
					],
					"texture": "#0"
				},
				"down": {
					"uv": [
						12.1875,
						10.5,
						11.5,
						11
					],
					"texture": "#0"
				}
			}
		},
		{
			"from": [
				4.5001999999999995,
				22.3,
				4.2
			],
			"to": [
				11.4992,
				27.64,
				6.1
			],
			"rotation": {
				"angle": -45,
				"axis": "x",
				"origin": [
					8,
					25,
					5.2
				]
			},
			"faces": {
				"north": {
					"uv": [
						5.25,
						2.25,
						7,
						3.5625
					],
					"texture": "#0"
				},
				"east": {
					"uv": [
						12.5,
						3.75,
						13,
						5.0625
					],
					"texture": "#0"
				},
				"south": {
					"uv": [
						5.5,
						3.75,
						7.25,
						5.0625
					],
					"texture": "#0"
				},
				"west": {
					"uv": [
						7.75,
						12.5,
						8.25,
						13.8125
					],
					"texture": "#0"
				},
				"up": {
					"uv": [
						12.5,
						8,
						10.75,
						7.5
					],
					"texture": "#0"
				},
				"down": {
					"uv": [
						12.5,
						11,
						10.75,
						11.5
					],
					"texture": "#0"
				}
			}
		}
	],
	"display": {
		"head": {
			"rotation": [
				0,
				180,
				0
			]
		}
	}
}