{
	"textures": {
		"0": "animated_java:item/everild/texture"
	},
	"elements": [
		{
			"from": [
				4.25195,
				10.62836,
				7.2
			],
			"to": [
				6.45095,
				11.928360000000001,
				10
			],
			"rotation": {
				"angle": 22.5,
				"axis": "z",
				"origin": [
					8,
					9,
					12
				]
			},
			"faces": {
				"north": {
					"uv": [
						14.75,
						8,
						15.3125,
						8.3125
					],
					"texture": "#0"
				},
				"east": {
					"uv": [
						0.5,
						14.75,
						1.1875,
						15.0625
					],
					"texture": "#0"
				},
				"south": {
					"uv": [
						8.25,
						14.75,
						8.8125,
						15.0625
					],
					"texture": "#0"
				},
				"west": {
					"uv": [
						1.25,
						14.75,
						1.9375,
						15.0625
					],
					"texture": "#0"
				},
				"up": {
					"uv": [
						14.0625,
						12.4375,
						13.5,
						11.75
					],
					"texture": "#0"
				},
				"down": {
					"uv": [
						14.3125,
						0,
						13.75,
						0.6875
					],
					"texture": "#0"
				}
			}
		},
		{
			"from": [
				8.4,
				10.399999999999999,
				7.2
			],
			"to": [
				10.599,
				11.7,
				10
			],
			"rotation": {
				"angle": -22.5,
				"axis": "z",
				"origin": [
					8,
					6,
					12
				]
			},
			"faces": {
				"north": {
					"uv": [
						14.75,
						8.5,
						15.3125,
						8.8125
					],
					"texture": "#0"
				},
				"east": {
					"uv": [
						14.75,
						1.5,
						15.4375,
						1.8125
					],
					"texture": "#0"
				},
				"south": {
					"uv": [
						14.75,
						9,
						15.3125,
						9.3125
					],
					"texture": "#0"
				},
				"west": {
					"uv": [
						2,
						14.75,
						2.6875,
						15.0625
					],
					"texture": "#0"
				},
				"up": {
					"uv": [
						14.3125,
						1.4375,
						13.75,
						0.75
					],
					"texture": "#0"
				},
				"down": {
					"uv": [
						14.3125,
						2.5,
						13.75,
						3.1875
					],
					"texture": "#0"
				}
			}
		}
	],
	"display": {
		"head": {
			"rotation": [
				0,
				180,
				0
			]
		}
	}
}