{
	"textures": {
		"0": "animated_java:item/everild/texture"
	},
	"elements": [
		{
			"from": [
				7.008000000000001,
				3.625250000000001,
				5.32447
			],
			"to": [
				8.992,
				7.34525,
				7.18447
			],
			"rotation": {
				"angle": 22.5,
				"axis": "x",
				"origin": [
					8,
					3.1000000000000014,
					9.8
				]
			},
			"faces": {
				"north": {
					"uv": [
						11.5,
						0,
						12,
						0.9375
					],
					"texture": "#0"
				},
				"east": {
					"uv": [
						13.5,
						7.25,
						13.9375,
						8.1875
					],
					"texture": "#0"
				},
				"south": {
					"uv": [
						13,
						3.5,
						13.5,
						4.4375
					],
					"texture": "#0"
				},
				"west": {
					"uv": [
						13.5,
						8.25,
						13.9375,
						9.1875
					],
					"texture": "#0"
				},
				"up": {
					"uv": [
						10,
						14.9375,
						9.5,
						14.5
					],
					"texture": "#0"
				},
				"down": {
					"uv": [
						10.5,
						14.5,
						10,
						14.9375
					],
					"texture": "#0"
				}
			}
		},
		{
			"from": [
				7.009,
				0.8060000000000009,
				7.01
			],
			"to": [
				8.991,
				6.634,
				8.870000000000001
			],
			"rotation": {
				"angle": -22.5,
				"axis": "x",
				"origin": [
					8,
					3.1000000000000014,
					9.8
				]
			},
			"faces": {
				"north": {
					"uv": [
						7.25,
						12,
						7.75,
						13.4375
					],
					"texture": "#0"
				},
				"east": {
					"uv": [
						5,
						12.75,
						5.4375,
						14.1875
					],
					"texture": "#0"
				},
				"south": {
					"uv": [
						9.5,
						12,
						10,
						13.4375
					],
					"texture": "#0"
				},
				"west": {
					"uv": [
						12.75,
						5.25,
						13.1875,
						6.6875
					],
					"texture": "#0"
				},
				"up": {
					"uv": [
						14.75,
						14.9375,
						14.25,
						14.5
					],
					"texture": "#0"
				},
				"down": {
					"uv": [
						0.5,
						14.75,
						0,
						15.1875
					],
					"texture": "#0"
				}
			}
		}
	],
	"display": {
		"head": {
			"rotation": [
				0,
				180,
				0
			]
		}
	}
}