{
	"textures": {
		"0": "animated_java:item/everild/texture"
	},
	"elements": [
		{
			"from": [
				7.008000000000001,
				1.92,
				5.6899999999999995
			],
			"to": [
				8.992,
				8.148,
				7.55
			],
			"rotation": {
				"angle": 22.5,
				"axis": "x",
				"origin": [
					8,
					4.8,
					6
				]
			},
			"faces": {
				"north": {
					"uv": [
						0,
						12,
						0.5,
						13.4375
					],
					"texture": "#0"
				},
				"east": {
					"uv": [
						8.25,
						12.5,
						8.6875,
						13.9375
					],
					"texture": "#0"
				},
				"south": {
					"uv": [
						12,
						0,
						12.5,
						1.4375
					],
					"texture": "#0"
				},
				"west": {
					"uv": [
						8.75,
						12.5,
						9.1875,
						13.9375
					],
					"texture": "#0"
				},
				"up": {
					"uv": [
						6.25,
						14.9375,
						5.75,
						14.5
					],
					"texture": "#0"
				},
				"down": {
					"uv": [
						15,
						7,
						14.5,
						7.4375
					],
					"texture": "#0"
				}
			}
		},
		{
			"from": [
				6.884,
				7.9,
				5.566
			],
			"to": [
				9.116,
				9.264,
				7.6739999999999995
			],
			"rotation": {
				"angle": 22.5,
				"axis": "x",
				"origin": [
					8,
					4.8,
					6
				]
			},
			"faces": {
				"north": {
					"uv": [
						4.25,
						14.75,
						4.8125,
						15.0625
					],
					"texture": "#0"
				},
				"east": {
					"uv": [
						14.75,
						12.75,
						15.25,
						13.0625
					],
					"texture": "#0"
				},
				"south": {
					"uv": [
						14.75,
						5.75,
						15.3125,
						6.0625
					],
					"texture": "#0"
				},
				"west": {
					"uv": [
						14.75,
						13.25,
						15.25,
						13.5625
					],
					"texture": "#0"
				},
				"up": {
					"uv": [
						14.8125,
						3.75,
						14.25,
						3.25
					],
					"texture": "#0"
				},
				"down": {
					"uv": [
						4.3125,
						14.25,
						3.75,
						14.75
					],
					"texture": "#0"
				}
			}
		}
	],
	"display": {
		"head": {
			"rotation": [
				0,
				180,
				0
			]
		}
	}
}