{
	"textures": {
		"0": "animated_java:item/everild/texture"
	},
	"elements": [
		{
			"from": [
				6.984,
				6.524,
				5.52
			],
			"to": [
				9.216000000000001,
				7.268,
				8
			],
			"rotation": {
				"angle": 0,
				"axis": "y",
				"origin": [
					5,
					6.4,
					8
				]
			},
			"faces": {
				"north": {
					"uv": [
						15,
						3.25,
						15.5625,
						3.4375
					],
					"texture": "#0"
				},
				"east": {
					"uv": [
						14.75,
						6.25,
						15.375,
						6.4375
					],
					"texture": "#0"
				},
				"south": {
					"uv": [
						15,
						3.5,
						15.5625,
						3.6875
					],
					"texture": "#0"
				},
				"west": {
					"uv": [
						14.75,
						10,
						15.375,
						10.1875
					],
					"texture": "#0"
				},
				"up": {
					"uv": [
						14.5625,
						9.375,
						14,
						8.75
					],
					"texture": "#0"
				},
				"down": {
					"uv": [
						14.5625,
						9.5,
						14,
						10.125
					],
					"texture": "#0"
				}
			}
		},
		{
			"from": [
				8.472,
				6.648,
				4.9
			],
			"to": [
				8.968,
				7.144,
				6.14
			],
			"rotation": {
				"angle": 0,
				"axis": "y",
				"origin": [
					5,
					6.4,
					7.628
				]
			},
			"faces": {
				"north": {
					"uv": [
						10.5,
						13,
						10.625,
						13.125
					],
					"texture": "#0"
				},
				"east": {
					"uv": [
						15,
						6.5,
						15.3125,
						6.625
					],
					"texture": "#0"
				},
				"south": {
					"uv": [
						13.25,
						6.5,
						13.375,
						6.625
					],
					"texture": "#0"
				},
				"west": {
					"uv": [
						15,
						6.75,
						15.3125,
						6.875
					],
					"texture": "#0"
				},
				"up": {
					"uv": [
						10.625,
						12.8125,
						10.5,
						12.5
					],
					"texture": "#0"
				},
				"down": {
					"uv": [
						1.875,
						13,
						1.75,
						13.3125
					],
					"texture": "#0"
				}
			}
		},
		{
			"from": [
				8.596,
				6.648,
				4.652
			],
			"to": [
				8.844000000000001,
				6.896,
				5.024
			],
			"rotation": {
				"angle": -22.5,
				"axis": "x",
				"origin": [
					8.72,
					6.896,
					4.59
				]
			},
			"faces": {
				"north": {
					"uv": [
						2,
						15.25,
						2.0625,
						15.3125
					],
					"texture": "#0"
				},
				"east": {
					"uv": [
						2.25,
						15.25,
						2.3125,
						15.3125
					],
					"texture": "#0"
				},
				"south": {
					"uv": [
						15.25,
						2.25,
						15.3125,
						2.3125
					],
					"texture": "#0"
				},
				"west": {
					"uv": [
						2.5,
						15.25,
						2.5625,
						15.3125
					],
					"texture": "#0"
				},
				"up": {
					"uv": [
						15.3125,
						2.5625,
						15.25,
						2.5
					],
					"texture": "#0"
				},
				"down": {
					"uv": [
						2.8125,
						15.25,
						2.75,
						15.3125
					],
					"texture": "#0"
				}
			}
		},
		{
			"from": [
				8.627,
				6.679,
				4.404
			],
			"to": [
				8.813,
				6.865,
				4.652
			],
			"rotation": {
				"angle": -22.5,
				"axis": "x",
				"origin": [
					8.72,
					6.896,
					4.59
				]
			},
			"faces": {
				"north": {
					"uv": [
						0.5,
						15.25,
						0.5625,
						15.3125
					],
					"texture": "#0"
				},
				"east": {
					"uv": [
						0.75,
						15.25,
						0.8125,
						15.3125
					],
					"texture": "#0"
				},
				"south": {
					"uv": [
						1,
						15.25,
						1.0625,
						15.3125
					],
					"texture": "#0"
				},
				"west": {
					"uv": [
						1.25,
						15.25,
						1.3125,
						15.3125
					],
					"texture": "#0"
				},
				"up": {
					"uv": [
						1.5625,
						15.3125,
						1.5,
						15.25
					],
					"texture": "#0"
				},
				"down": {
					"uv": [
						1.8125,
						15.25,
						1.75,
						15.3125
					],
					"texture": "#0"
				}
			}
		},
		{
			"from": [
				7.852,
				6.648,
				4.9
			],
			"to": [
				8.348,
				7.144,
				6.14
			],
			"rotation": {
				"angle": 0,
				"axis": "y",
				"origin": [
					4.38,
					6.4,
					7.628
				]
			},
			"faces": {
				"north": {
					"uv": [
						13,
						5,
						13.125,
						5.125
					],
					"texture": "#0"
				},
				"east": {
					"uv": [
						15,
						5.5,
						15.3125,
						5.625
					],
					"texture": "#0"
				},
				"south": {
					"uv": [
						9.25,
						13,
						9.375,
						13.125
					],
					"texture": "#0"
				},
				"west": {
					"uv": [
						6,
						15,
						6.3125,
						15.125
					],
					"texture": "#0"
				},
				"up": {
					"uv": [
						12.625,
						7.5625,
						12.5,
						7.25
					],
					"texture": "#0"
				},
				"down": {
					"uv": [
						9.375,
						12.5,
						9.25,
						12.8125
					],
					"texture": "#0"
				}
			}
		},
		{
			"from": [
				7.976,
				6.648,
				4.652
			],
			"to": [
				8.224,
				6.896,
				5.024
			],
			"rotation": {
				"angle": -22.5,
				"axis": "x",
				"origin": [
					8.1,
					6.896,
					4.59
				]
			},
			"faces": {
				"north": {
					"uv": [
						14.25,
						15,
						14.3125,
						15.0625
					],
					"texture": "#0"
				},
				"east": {
					"uv": [
						14.5,
						15,
						14.5625,
						15.0625
					],
					"texture": "#0"
				},
				"south": {
					"uv": [
						0,
						15.25,
						0.0625,
						15.3125
					],
					"texture": "#0"
				},
				"west": {
					"uv": [
						15.25,
						0,
						15.3125,
						0.0625
					],
					"texture": "#0"
				},
				"up": {
					"uv": [
						0.3125,
						15.3125,
						0.25,
						15.25
					],
					"texture": "#0"
				},
				"down": {
					"uv": [
						15.3125,
						0.25,
						15.25,
						0.3125
					],
					"texture": "#0"
				}
			}
		},
		{
			"from": [
				8.007,
				6.679,
				4.404
			],
			"to": [
				8.193,
				6.865,
				4.652
			],
			"rotation": {
				"angle": -22.5,
				"axis": "x",
				"origin": [
					8.1,
					6.896,
					4.59
				]
			},
			"faces": {
				"north": {
					"uv": [
						15,
						12.25,
						15.0625,
						12.3125
					],
					"texture": "#0"
				},
				"east": {
					"uv": [
						15,
						12.5,
						15.0625,
						12.5625
					],
					"texture": "#0"
				},
				"south": {
					"uv": [
						13.25,
						15,
						13.3125,
						15.0625
					],
					"texture": "#0"
				},
				"west": {
					"uv": [
						13.5,
						15,
						13.5625,
						15.0625
					],
					"texture": "#0"
				},
				"up": {
					"uv": [
						13.8125,
						15.0625,
						13.75,
						15
					],
					"texture": "#0"
				},
				"down": {
					"uv": [
						14.0625,
						15,
						14,
						15.0625
					],
					"texture": "#0"
				}
			}
		},
		{
			"from": [
				7.232,
				6.648,
				4.9
			],
			"to": [
				7.728,
				7.144,
				6.14
			],
			"rotation": {
				"angle": 0,
				"axis": "y",
				"origin": [
					3.76,
					6.4,
					7.628
				]
			},
			"faces": {
				"north": {
					"uv": [
						13,
						4.5,
						13.125,
						4.625
					],
					"texture": "#0"
				},
				"east": {
					"uv": [
						15,
						5.25,
						15.3125,
						5.375
					],
					"texture": "#0"
				},
				"south": {
					"uv": [
						13,
						4.75,
						13.125,
						4.875
					],
					"texture": "#0"
				},
				"west": {
					"uv": [
						5.5,
						15,
						5.8125,
						15.125
					],
					"texture": "#0"
				},
				"up": {
					"uv": [
						10.625,
						12.3125,
						10.5,
						12
					],
					"texture": "#0"
				},
				"down": {
					"uv": [
						3.125,
						12.25,
						3,
						12.5625
					],
					"texture": "#0"
				}
			}
		},
		{
			"from": [
				7.356,
				6.648,
				4.652
			],
			"to": [
				7.604,
				6.896,
				5.024
			],
			"rotation": {
				"angle": -22.5,
				"axis": "x",
				"origin": [
					7.48,
					6.896,
					4.59
				]
			},
			"faces": {
				"north": {
					"uv": [
						15,
						11.5,
						15.0625,
						11.5625
					],
					"texture": "#0"
				},
				"east": {
					"uv": [
						11.75,
						15,
						11.8125,
						15.0625
					],
					"texture": "#0"
				},
				"south": {
					"uv": [
						15,
						11.75,
						15.0625,
						11.8125
					],
					"texture": "#0"
				},
				"west": {
					"uv": [
						12,
						15,
						12.0625,
						15.0625
					],
					"texture": "#0"
				},
				"up": {
					"uv": [
						15.0625,
						12.0625,
						15,
						12
					],
					"texture": "#0"
				},
				"down": {
					"uv": [
						12.3125,
						15,
						12.25,
						15.0625
					],
					"texture": "#0"
				}
			}
		},
		{
			"from": [
				7.3870000000000005,
				6.679,
				4.404
			],
			"to": [
				7.573,
				6.865,
				4.652
			],
			"rotation": {
				"angle": -22.5,
				"axis": "x",
				"origin": [
					7.48,
					6.896,
					4.59
				]
			},
			"faces": {
				"north": {
					"uv": [
						15,
						10.75,
						15.0625,
						10.8125
					],
					"texture": "#0"
				},
				"east": {
					"uv": [
						11,
						15,
						11.0625,
						15.0625
					],
					"texture": "#0"
				},
				"south": {
					"uv": [
						15,
						11,
						15.0625,
						11.0625
					],
					"texture": "#0"
				},
				"west": {
					"uv": [
						11.25,
						15,
						11.3125,
						15.0625
					],
					"texture": "#0"
				},
				"up": {
					"uv": [
						15.0625,
						11.3125,
						15,
						11.25
					],
					"texture": "#0"
				},
				"down": {
					"uv": [
						11.5625,
						15,
						11.5,
						15.0625
					],
					"texture": "#0"
				}
			}
		},
		{
			"from": [
				6.9591,
				6.252,
				6.412
			],
			"to": [
				9.2391,
				8.012,
				7.5280000000000005
			],
			"rotation": {
				"angle": 45,
				"axis": "x",
				"origin": [
					5,
					6.4,
					8
				]
			},
			"faces": {
				"north": {
					"uv": [
						14.5,
						4.25,
						15.0625,
						4.6875
					],
					"texture": "#0"
				},
				"east": {
					"uv": [
						7,
						3.25,
						7.25,
						3.6875
					],
					"texture": "#0"
				},
				"south": {
					"uv": [
						14.5,
						4.75,
						15.0625,
						5.1875
					],
					"texture": "#0"
				},
				"west": {
					"uv": [
						5.25,
						7.25,
						5.5,
						7.6875
					],
					"texture": "#0"
				},
				"up": {
					"uv": [
						2.3125,
						10.5,
						1.75,
						10.25
					],
					"texture": "#0"
				},
				"down": {
					"uv": [
						12.3125,
						7.25,
						11.75,
						7.5
					],
					"texture": "#0"
				}
			}
		},
		{
			"from": [
				7.1081,
				6.524,
				8.124
			],
			"to": [
				9.0921,
				8.632,
				8.868
			],
			"rotation": {
				"angle": 45,
				"axis": "x",
				"origin": [
					14.3,
					9.748,
					7.814
				]
			},
			"faces": {
				"north": {
					"uv": [
						14.5,
						0.5,
						15,
						1
					],
					"texture": "#0"
				},
				"east": {
					"uv": [
						8.75,
						2.5,
						8.9375,
						3
					],
					"texture": "#0"
				},
				"south": {
					"uv": [
						14.5,
						1,
						15,
						1.5
					],
					"texture": "#0"
				},
				"west": {
					"uv": [
						5,
						8.75,
						5.1875,
						9.25
					],
					"texture": "#0"
				},
				"up": {
					"uv": [
						1.75,
						11.1875,
						1.25,
						11
					],
					"texture": "#0"
				},
				"down": {
					"uv": [
						12.5,
						3.75,
						12,
						3.9375
					],
					"texture": "#0"
				}
			}
		}
	],
	"display": {
		"head": {
			"rotation": [
				0,
				180,
				0
			]
		}
	}
}