{
	"textures": {
		"0": "animated_java:item/everild/texture"
	},
	"elements": [
		{
			"from": [
				4.5251,
				11.325,
				3.675
			],
			"to": [
				11.3991,
				14.725000000000001,
				5.9750000000000005
			],
			"rotation": {
				"angle": -45,
				"axis": "x",
				"origin": [
					8,
					12,
					12
				]
			},
			"faces": {
				"north": {
					"uv": [
						9,
						4,
						10.75,
						4.875
					],
					"texture": "#0"
				},
				"east": {
					"uv": [
						1,
						13,
						1.5625,
						13.875
					],
					"texture": "#0"
				},
				"south": {
					"uv": [
						9,
						5,
						10.75,
						5.875
					],
					"texture": "#0"
				},
				"west": {
					"uv": [
						13,
						2.5,
						13.5625,
						3.375
					],
					"texture": "#0"
				},
				"up": {
					"uv": [
						12.5,
						4.5625,
						10.75,
						4
					],
					"texture": "#0"
				},
				"down": {
					"uv": [
						12.5,
						4.75,
						10.75,
						5.3125
					],
					"texture": "#0"
				}
			}
		}
	],
	"display": {
		"head": {
			"rotation": [
				0,
				180,
				0
			]
		}
	}
}