{
	"textures": {
		"0": "animated_java:item/everild/texture"
	},
	"elements": [
		{
			"from": [
				4.5,
				-1.424999999999999,
				7.775
			],
			"to": [
				11.499,
				4.675000000000001,
				10.475000000000001
			],
			"rotation": {
				"angle": 45,
				"axis": "x",
				"origin": [
					8,
					7,
					13
				]
			},
			"faces": {
				"north": {
					"uv": [
						3.5,
						0,
						5.25,
						1.5
					],
					"texture": "#0"
				},
				"east": {
					"uv": [
						6.5,
						10.5,
						7.1875,
						12
					],
					"texture": "#0"
				},
				"south": {
					"uv": [
						3.5,
						1.5,
						5.25,
						3
					],
					"texture": "#0"
				},
				"west": {
					"uv": [
						7.25,
						10.5,
						7.9375,
						12
					],
					"texture": "#0"
				},
				"up": {
					"uv": [
						12,
						3.9375,
						10.25,
						3.25
					],
					"texture": "#0"
				},
				"down": {
					"uv": [
						3.5,
						10.5,
						1.75,
						11.1875
					],
					"texture": "#0"
				}
			}
		}
	],
	"display": {
		"head": {
			"rotation": [
				0,
				180,
				0
			]
		}
	}
}