{
	"textures": {
		"0": "animated_java:item/everild/texture"
	},
	"elements": [
		{
			"from": [
				6.508,
				3.5252499999999998,
				5.52447
			],
			"to": [
				8.491999999999999,
				7.245249999999999,
				7.38447
			],
			"rotation": {
				"angle": 22.5,
				"axis": "x",
				"origin": [
					7.5,
					3,
					10
				]
			},
			"faces": {
				"north": {
					"uv": [
						12.25,
						13,
						12.75,
						13.9375
					],
					"texture": "#0"
				},
				"east": {
					"uv": [
						9.25,
						13.5,
						9.6875,
						14.4375
					],
					"texture": "#0"
				},
				"south": {
					"uv": [
						12.75,
						13,
						13.25,
						13.9375
					],
					"texture": "#0"
				},
				"west": {
					"uv": [
						13.5,
						9.25,
						13.9375,
						10.1875
					],
					"texture": "#0"
				},
				"up": {
					"uv": [
						11,
						14.9375,
						10.5,
						14.5
					],
					"texture": "#0"
				},
				"down": {
					"uv": [
						11.5,
						14.5,
						11,
						14.9375
					],
					"texture": "#0"
				}
			}
		},
		{
			"from": [
				6.509,
				0.7059999999999995,
				7.21
			],
			"to": [
				8.491,
				6.533999999999999,
				9.07
			],
			"rotation": {
				"angle": -22.5,
				"axis": "x",
				"origin": [
					7.5,
					3,
					10
				]
			},
			"faces": {
				"north": {
					"uv": [
						7.25,
						12,
						7.75,
						13.4375
					],
					"texture": "#0"
				},
				"east": {
					"uv": [
						5,
						12.75,
						5.4375,
						14.1875
					],
					"texture": "#0"
				},
				"south": {
					"uv": [
						9.5,
						12,
						10,
						13.4375
					],
					"texture": "#0"
				},
				"west": {
					"uv": [
						12.75,
						5.25,
						13.1875,
						6.6875
					],
					"texture": "#0"
				},
				"up": {
					"uv": [
						14.75,
						14.9375,
						14.25,
						14.5
					],
					"texture": "#0"
				},
				"down": {
					"uv": [
						0.5,
						14.75,
						0,
						15.1875
					],
					"texture": "#0"
				}
			}
		}
	],
	"display": {
		"head": {
			"rotation": [
				0,
				180,
				0
			]
		}
	}
}