{
    "type": "entity",
    "pools": [
      {
        "rolls": 1,
        "entries": [
          {
            "type": "item",
            "name": "minecraft:player_head",
            "functions": [
              {
                "function": "set_name",
                "name": {
                  "text": "Curtain",
                  "color": "yellow",
                  "bold": false,
                  "italic": false
                },
                "entity": "this"
              },
              {
                "function": "set_nbt",
                "tag": "{curtain1:1b,furniture:1b,CustomModelData:968,display:{Name:'{\"text\":\"Curtain\",\"color\":\"yellow\",\"italic\":false}'},SkullOwner:{Id:[I;925663727,-750832822,-2144369677,-1949011008],Properties:{textures:[{Value:\"eyJ0ZXh0dXJlcyI6eyJTS0lOIjp7InVybCI6Imh0dHA6Ly90ZXh0dXJlcy5taW5lY3JhZnQubmV0L3RleHR1cmUvNDYzYTRlOTg4MmYxODkyMzNmOWJmMTEyMWI5NmI3OTliYjNmZDM3NzA1NGYzOWRkMTlhNWQ4M2JlMDFmZjYifX19\"}]}}}"
            }
            ]
          }
        ]
      }
    ]
  }