{
    "parent": "om_harvest:achievement/root",
    "display": {
        "title": {
            "text": "Crash Money"
        },
        "description": {
            "text": "Find a cosmic crash site.",
            "color": "green"
        },
        "icon": {
            "item": "minecraft:barrel",
            "nbt": "{CustomModelData:1}"
        },
        "frame": "challenge",
        "show_toast": true,
        "announce_to_chat": false,
        "hidden": true
    },
    "criteria": {
        "default": {
            "trigger": "minecraft:impossible"
        }
    }
}