{
    "parent": "om_harvest:achievement/root",
    "display": {
        "title": {
            "text": "Flower Power"
        },
        "description": {
            "text": "Get the Florinus Star from harvesting a florinus plant.",
            "color": "green"
        },
        "icon": {
            "item": "minecraft:warped_fungus_on_a_stick",
            "nbt": "{CustomModelData:3}"
        },
        "frame": "challenge",
        "show_toast": true,
        "announce_to_chat": false,
        "hidden": true
    },
    "criteria": {
        "default": {
            "trigger": "minecraft:impossible"
        }
    }
}