{
    "display": {
        "icon": {
            "item": "minecraft:cake"
        },
        "title": "Cosmic Achievements",
        "description": {
            "text":"Your Cosmic Results",
            "color":"gold"
        },
        "background": "minecraft:textures/gui/advancements/backgrounds/adventure.png",
        "frame": "challenge",
        "show_toast": false,
        "announce_to_chat": false
    },
    "criteria": {
        "auto": {
            "trigger": "minecraft:impossible"
        }
    }
}