{
	"credit": "Made with Blockbench",
	"texture_size": [64, 64],
	"textures": {
		"0": "om_harvest:item/block/server",
		"particle": "om_harvest:item/block/server"
	},
	"elements": [
		{
			"from": [0, -16, 0],
			"to": [16, 32, 16],
			"faces": {
				"north": {"uv": [0, 0, 4, 12], "texture": "#0"},
				"east": {"uv": [4, 0, 8, 12], "texture": "#0"},
				"south": {"uv": [8, 0, 12, 12], "texture": "#0"},
				"west": {"uv": [12, 4, 16, 16], "texture": "#0"},
				"up": {"uv": [16, 4, 12, 0], "texture": "#0"},
				"down": {"uv": [8, 12, 4, 16], "texture": "#0"}
			}
		}
	]
}