{
	"textures": {
		"4": "animated_java:item/nereus/base_blank"
	},
	"elements": [
		{
			"from": [
				4.3,
				8,
				6.7
			],
			"to": [
				5.6,
				8.5,
				7.4
			],
			"faces": {
				"north": {
					"uv": [
						7.5,
						1,
						7.875,
						1.125
					],
					"texture": "#4"
				},
				"east": {
					"uv": [
						1.5,
						8,
						1.625,
						8.125
					],
					"texture": "#4"
				},
				"south": {
					"uv": [
						1.25,
						7.5,
						1.625,
						7.625
					],
					"texture": "#4"
				},
				"west": {
					"uv": [
						8,
						1.5,
						8.125,
						1.625
					],
					"texture": "#4"
				},
				"up": {
					"uv": [
						7.875,
						1.375,
						7.5,
						1.25
					],
					"texture": "#4"
				},
				"down": {
					"uv": [
						7.875,
						1.5,
						7.5,
						1.625
					],
					"texture": "#4"
				}
			}
		},
		{
			"from": [
				5.5,
				8,
				5.5
			],
			"to": [
				10.5,
				8.5,
				10.5
			],
			"faces": {
				"north": {
					"uv": [
						6,
						3,
						7.25,
						3.125
					],
					"texture": "#4"
				},
				"east": {
					"uv": [
						6,
						3.25,
						7.25,
						3.375
					],
					"texture": "#4"
				},
				"south": {
					"uv": [
						6,
						3.5,
						7.25,
						3.625
					],
					"texture": "#4"
				},
				"west": {
					"uv": [
						6,
						3.75,
						7.25,
						3.875
					],
					"texture": "#4"
				},
				"up": {
					"uv": [
						1.25,
						1.25,
						0,
						0
					],
					"texture": "#4"
				},
				"down": {
					"uv": [
						1.25,
						1.25,
						0,
						2.5
					],
					"texture": "#4"
				}
			}
		},
		{
			"from": [
				5.9,
				8,
				4.8
			],
			"to": [
				6.6,
				8.5,
				5.6
			],
			"faces": {
				"north": {
					"uv": [
						1.75,
						8,
						1.875,
						8.125
					],
					"texture": "#4"
				},
				"east": {
					"uv": [
						0.5,
						7.75,
						0.75,
						7.875
					],
					"texture": "#4"
				},
				"south": {
					"uv": [
						8,
						1.75,
						8.125,
						1.875
					],
					"texture": "#4"
				},
				"west": {
					"uv": [
						0.75,
						7.75,
						1,
						7.875
					],
					"texture": "#4"
				},
				"up": {
					"uv": [
						7.875,
						1,
						7.75,
						0.75
					],
					"texture": "#4"
				},
				"down": {
					"uv": [
						1.125,
						7.75,
						1,
						8
					],
					"texture": "#4"
				}
			}
		},
		{
			"from": [
				6.2,
				8,
				5.4
			],
			"to": [
				7.5,
				8.5,
				6.1
			],
			"rotation": {
				"angle": -22.5,
				"axis": "y",
				"origin": [
					8,
					8,
					8
				]
			},
			"faces": {
				"north": {
					"uv": [
						1.75,
						7.5,
						2.125,
						7.625
					],
					"texture": "#4"
				},
				"east": {
					"uv": [
						2,
						8,
						2.125,
						8.125
					],
					"texture": "#4"
				},
				"south": {
					"uv": [
						2.25,
						7.5,
						2.625,
						7.625
					],
					"texture": "#4"
				},
				"west": {
					"uv": [
						8,
						2,
						8.125,
						2.125
					],
					"texture": "#4"
				},
				"up": {
					"uv": [
						7.875,
						2.625,
						7.5,
						2.5
					],
					"texture": "#4"
				},
				"down": {
					"uv": [
						3.125,
						7.5,
						2.75,
						7.625
					],
					"texture": "#4"
				}
			}
		},
		{
			"from": [
				8.9,
				8,
				4.4
			],
			"to": [
				9.6,
				8.5,
				5.6
			],
			"faces": {
				"north": {
					"uv": [
						2.25,
						8,
						2.375,
						8.125
					],
					"texture": "#4"
				},
				"east": {
					"uv": [
						1.25,
						7.75,
						1.5,
						7.875
					],
					"texture": "#4"
				},
				"south": {
					"uv": [
						8,
						2.25,
						8.125,
						2.375
					],
					"texture": "#4"
				},
				"west": {
					"uv": [
						1.5,
						7.75,
						1.75,
						7.875
					],
					"texture": "#4"
				},
				"up": {
					"uv": [
						1.875,
						8,
						1.75,
						7.75
					],
					"texture": "#4"
				},
				"down": {
					"uv": [
						7.875,
						1.75,
						7.75,
						2
					],
					"texture": "#4"
				}
			}
		},
		{
			"from": [
				4.9,
				8,
				8.8
			],
			"to": [
				5.5,
				8.5,
				9.5
			],
			"faces": {
				"north": {
					"uv": [
						2.5,
						8,
						2.625,
						8.125
					],
					"texture": "#4"
				},
				"east": {
					"uv": [
						8,
						2.5,
						8.125,
						2.625
					],
					"texture": "#4"
				},
				"south": {
					"uv": [
						2.75,
						8,
						2.875,
						8.125
					],
					"texture": "#4"
				},
				"west": {
					"uv": [
						8,
						2.75,
						8.125,
						2.875
					],
					"texture": "#4"
				},
				"up": {
					"uv": [
						3.125,
						8.125,
						3,
						8
					],
					"texture": "#4"
				},
				"down": {
					"uv": [
						8.125,
						3,
						8,
						3.125
					],
					"texture": "#4"
				}
			}
		},
		{
			"from": [
				6.5,
				8,
				10.4
			],
			"to": [
				7.1,
				8.5,
				11.2
			],
			"faces": {
				"north": {
					"uv": [
						3.25,
						8,
						3.375,
						8.125
					],
					"texture": "#4"
				},
				"east": {
					"uv": [
						2,
						7.75,
						2.25,
						7.875
					],
					"texture": "#4"
				},
				"south": {
					"uv": [
						8,
						3.25,
						8.125,
						3.375
					],
					"texture": "#4"
				},
				"west": {
					"uv": [
						7.75,
						2,
						8,
						2.125
					],
					"texture": "#4"
				},
				"up": {
					"uv": [
						2.375,
						8,
						2.25,
						7.75
					],
					"texture": "#4"
				},
				"down": {
					"uv": [
						7.875,
						2.25,
						7.75,
						2.5
					],
					"texture": "#4"
				}
			}
		},
		{
			"from": [
				8.4,
				8,
				9.7
			],
			"to": [
				9.1,
				8.5,
				11
			],
			"rotation": {
				"angle": -22.5,
				"axis": "y",
				"origin": [
					8,
					8,
					8
				]
			},
			"faces": {
				"north": {
					"uv": [
						3.5,
						8,
						3.625,
						8.125
					],
					"texture": "#4"
				},
				"east": {
					"uv": [
						7.5,
						2.75,
						7.875,
						2.875
					],
					"texture": "#4"
				},
				"south": {
					"uv": [
						8,
						3.5,
						8.125,
						3.625
					],
					"texture": "#4"
				},
				"west": {
					"uv": [
						3.25,
						7.5,
						3.625,
						7.625
					],
					"texture": "#4"
				},
				"up": {
					"uv": [
						3.875,
						7.875,
						3.75,
						7.5
					],
					"texture": "#4"
				},
				"down": {
					"uv": [
						7.625,
						3.75,
						7.5,
						4.125
					],
					"texture": "#4"
				}
			}
		},
		{
			"from": [
				8.3,
				8,
				10.4
			],
			"to": [
				8.9,
				8.5,
				11.4
			],
			"faces": {
				"north": {
					"uv": [
						3.75,
						8,
						3.875,
						8.125
					],
					"texture": "#4"
				},
				"east": {
					"uv": [
						2.5,
						7.75,
						2.75,
						7.875
					],
					"texture": "#4"
				},
				"south": {
					"uv": [
						8,
						3.75,
						8.125,
						3.875
					],
					"texture": "#4"
				},
				"west": {
					"uv": [
						2.75,
						7.75,
						3,
						7.875
					],
					"texture": "#4"
				},
				"up": {
					"uv": [
						3.125,
						8,
						3,
						7.75
					],
					"texture": "#4"
				},
				"down": {
					"uv": [
						7.875,
						3,
						7.75,
						3.25
					],
					"texture": "#4"
				}
			}
		},
		{
			"from": [
				5.8,
				8.5,
				5.8
			],
			"to": [
				10.3,
				9.5,
				10.3
			],
			"faces": {
				"north": {
					"uv": [
						4,
						4,
						5.125,
						4.25
					],
					"texture": "#4"
				},
				"east": {
					"uv": [
						0,
						4.25,
						1.125,
						4.5
					],
					"texture": "#4"
				},
				"south": {
					"uv": [
						4,
						4.25,
						5.125,
						4.5
					],
					"texture": "#4"
				},
				"west": {
					"uv": [
						0,
						4.5,
						1.125,
						4.75
					],
					"texture": "#4"
				},
				"up": {
					"uv": [
						2.375,
						1.125,
						1.25,
						0
					],
					"texture": "#4"
				},
				"down": {
					"uv": [
						2.375,
						1.25,
						1.25,
						2.375
					],
					"texture": "#4"
				}
			}
		},
		{
			"from": [
				6.5,
				9.3,
				6.5
			],
			"to": [
				7.7,
				10.3,
				9.8
			],
			"rotation": {
				"angle": 45,
				"axis": "z",
				"origin": [
					8,
					8,
					8
				]
			},
			"faces": {
				"north": {
					"uv": [
						1.25,
						6.25,
						1.5,
						6.5
					],
					"texture": "#4"
				},
				"east": {
					"uv": [
						5.5,
						5,
						6.375,
						5.25
					],
					"texture": "#4"
				},
				"south": {
					"uv": [
						5.25,
						6.25,
						5.5,
						6.5
					],
					"texture": "#4"
				},
				"west": {
					"uv": [
						5.25,
						5.5,
						6.125,
						5.75
					],
					"texture": "#4"
				},
				"up": {
					"uv": [
						1.75,
						6.375,
						1.5,
						5.5
					],
					"texture": "#4"
				},
				"down": {
					"uv": [
						6,
						0.5,
						5.75,
						1.375
					],
					"texture": "#4"
				}
			}
		},
		{
			"from": [
				10.4,
				8,
				5.6
			],
			"to": [
				10.6,
				8.5,
				6.3
			],
			"faces": {
				"north": {
					"uv": [
						4,
						8,
						4.125,
						8.125
					],
					"texture": "#4"
				},
				"east": {
					"uv": [
						8,
						4,
						8.125,
						4.125
					],
					"texture": "#4"
				},
				"south": {
					"uv": [
						4.25,
						8,
						4.375,
						8.125
					],
					"texture": "#4"
				},
				"west": {
					"uv": [
						8,
						4.25,
						8.125,
						4.375
					],
					"texture": "#4"
				},
				"up": {
					"uv": [
						4.625,
						8.125,
						4.5,
						8
					],
					"texture": "#4"
				},
				"down": {
					"uv": [
						8.125,
						4.5,
						8,
						4.625
					],
					"texture": "#4"
				}
			}
		},
		{
			"from": [
				10,
				8,
				6.4
			],
			"to": [
				10.7,
				8.5,
				7.9
			],
			"rotation": {
				"angle": -22.5,
				"axis": "y",
				"origin": [
					8,
					8,
					8
				]
			},
			"faces": {
				"north": {
					"uv": [
						4.75,
						8,
						4.875,
						8.125
					],
					"texture": "#4"
				},
				"east": {
					"uv": [
						4,
						7.5,
						4.375,
						7.625
					],
					"texture": "#4"
				},
				"south": {
					"uv": [
						8,
						4.75,
						8.125,
						4.875
					],
					"texture": "#4"
				},
				"west": {
					"uv": [
						7.5,
						4.25,
						7.875,
						4.375
					],
					"texture": "#4"
				},
				"up": {
					"uv": [
						4.625,
						7.875,
						4.5,
						7.5
					],
					"texture": "#4"
				},
				"down": {
					"uv": [
						4.875,
						7.5,
						4.75,
						7.875
					],
					"texture": "#4"
				}
			}
		},
		{
			"from": [
				10.4,
				8,
				8.4
			],
			"to": [
				11.5,
				8.5,
				9.1
			],
			"faces": {
				"north": {
					"uv": [
						3.25,
						7.75,
						3.5,
						7.875
					],
					"texture": "#4"
				},
				"east": {
					"uv": [
						5,
						8,
						5.125,
						8.125
					],
					"texture": "#4"
				},
				"south": {
					"uv": [
						7.75,
						3.25,
						8,
						3.375
					],
					"texture": "#4"
				},
				"west": {
					"uv": [
						8,
						5,
						8.125,
						5.125
					],
					"texture": "#4"
				},
				"up": {
					"uv": [
						3.75,
						7.875,
						3.5,
						7.75
					],
					"texture": "#4"
				},
				"down": {
					"uv": [
						8,
						3.5,
						7.75,
						3.625
					],
					"texture": "#4"
				}
			}
		},
		{
			"from": [
				7.2,
				9.8,
				6.8
			],
			"to": [
				8.9,
				12.5,
				7.5
			],
			"rotation": {
				"angle": -45,
				"axis": "x",
				"origin": [
					8,
					8,
					8
				]
			},
			"faces": {
				"north": {
					"uv": [
						1,
						5.5,
						1.375,
						6.125
					],
					"texture": "#4"
				},
				"east": {
					"uv": [
						6.25,
						6.75,
						6.375,
						7.375
					],
					"texture": "#4"
				},
				"south": {
					"uv": [
						3.25,
						5.5,
						3.625,
						6.125
					],
					"texture": "#4"
				},
				"west": {
					"uv": [
						6.5,
						6.75,
						6.625,
						7.375
					],
					"texture": "#4"
				},
				"up": {
					"uv": [
						7.875,
						4.625,
						7.5,
						4.5
					],
					"texture": "#4"
				},
				"down": {
					"uv": [
						5.375,
						7.5,
						5,
						7.625
					],
					"texture": "#4"
				}
			}
		},
		{
			"from": [
				5.8,
				9.5,
				4.8
			],
			"to": [
				10.3,
				10.5,
				9.4
			],
			"faces": {
				"north": {
					"uv": [
						4.5,
						1,
						5.625,
						1.25
					],
					"texture": "#4"
				},
				"east": {
					"uv": [
						4.5,
						1.25,
						5.625,
						1.5
					],
					"texture": "#4"
				},
				"south": {
					"uv": [
						4.5,
						1.5,
						5.625,
						1.75
					],
					"texture": "#4"
				},
				"west": {
					"uv": [
						4,
						4.5,
						5.125,
						4.75
					],
					"texture": "#4"
				},
				"up": {
					"uv": [
						1.125,
						3.625,
						0,
						2.5
					],
					"texture": "#4"
				},
				"down": {
					"uv": [
						3.625,
						0,
						2.5,
						1.125
					],
					"texture": "#4"
				}
			}
		},
		{
			"from": [
				5.9,
				9,
				8
			],
			"to": [
				10.2,
				10.1,
				9.6
			],
			"rotation": {
				"angle": 22.5,
				"axis": "x",
				"origin": [
					8,
					8,
					8
				]
			},
			"faces": {
				"north": {
					"uv": [
						0,
						4.75,
						1.125,
						5
					],
					"texture": "#4"
				},
				"east": {
					"uv": [
						6.75,
						1.25,
						7.125,
						1.5
					],
					"texture": "#4"
				},
				"south": {
					"uv": [
						1.25,
						4.75,
						2.375,
						5
					],
					"texture": "#4"
				},
				"west": {
					"uv": [
						6.75,
						1.5,
						7.125,
						1.75
					],
					"texture": "#4"
				},
				"up": {
					"uv": [
						4.625,
						3.875,
						3.5,
						3.5
					],
					"texture": "#4"
				},
				"down": {
					"uv": [
						1.125,
						3.75,
						0,
						4.125
					],
					"texture": "#4"
				}
			}
		},
		{
			"from": [
				6.5,
				9.3,
				6.5
			],
			"to": [
				7.7,
				10.3,
				9.8
			],
			"rotation": {
				"angle": 45,
				"axis": "z",
				"origin": [
					8,
					8,
					8
				]
			},
			"faces": {
				"north": {
					"uv": [
						7,
						0.75,
						7.25,
						1
					],
					"texture": "#4"
				},
				"east": {
					"uv": [
						5.75,
						1.5,
						6.625,
						1.75
					],
					"texture": "#4"
				},
				"south": {
					"uv": [
						7,
						1,
						7.25,
						1.25
					],
					"texture": "#4"
				},
				"west": {
					"uv": [
						2.25,
						5.75,
						3.125,
						6
					],
					"texture": "#4"
				},
				"up": {
					"uv": [
						4.5,
						6.625,
						4.25,
						5.75
					],
					"texture": "#4"
				},
				"down": {
					"uv": [
						4.75,
						5.75,
						4.5,
						6.625
					],
					"texture": "#4"
				}
			}
		}
	],
	"display": {
		"head": {
			"rotation": [
				0,
				180,
				0
			]
		}
	}
}