{
	"textures": {
		"0": "animated_java:item/nereus/nugs"
	},
	"elements": [
		{
			"from": [
				12.1,
				8,
				1.9000000000000004
			],
			"to": [
				12.9,
				9,
				2.8
			],
			"rotation": {
				"angle": 22.5,
				"axis": "y",
				"origin": [
					16.9,
					8.4,
					5.8
				]
			},
			"faces": {
				"north": {
					"uv": [
						0,
						0,
						3.2,
						4
					],
					"texture": "#0"
				},
				"east": {
					"uv": [
						0,
						0,
						3.6,
						4
					],
					"texture": "#0"
				},
				"south": {
					"uv": [
						0,
						0,
						3.2,
						4
					],
					"texture": "#0"
				},
				"west": {
					"uv": [
						0,
						0,
						3.6,
						4
					],
					"texture": "#0"
				},
				"up": {
					"uv": [
						0,
						0,
						3.2,
						3.6
					],
					"rotation": 180,
					"texture": "#0"
				},
				"down": {
					"uv": [
						0,
						0,
						3.2,
						3.6
					],
					"rotation": 180,
					"texture": "#0"
				}
			}
		},
		{
			"from": [
				7.1,
				8,
				10.9
			],
			"to": [
				7.9,
				9,
				11.8
			],
			"rotation": {
				"angle": 0,
				"axis": "y",
				"origin": [
					16.9,
					8.4,
					5.8
				]
			},
			"faces": {
				"north": {
					"uv": [
						0,
						0,
						3.2,
						4
					],
					"texture": "#0"
				},
				"east": {
					"uv": [
						0,
						0,
						3.6,
						4
					],
					"texture": "#0"
				},
				"south": {
					"uv": [
						0,
						0,
						3.2,
						4
					],
					"texture": "#0"
				},
				"west": {
					"uv": [
						0,
						0,
						3.6,
						4
					],
					"texture": "#0"
				},
				"up": {
					"uv": [
						0,
						0,
						3.2,
						3.6
					],
					"rotation": 180,
					"texture": "#0"
				},
				"down": {
					"uv": [
						0,
						0,
						3.2,
						3.6
					],
					"rotation": 180,
					"texture": "#0"
				}
			}
		},
		{
			"from": [
				5.1,
				8,
				9.9
			],
			"to": [
				5.9,
				9,
				10.8
			],
			"rotation": {
				"angle": -22.5,
				"axis": "y",
				"origin": [
					16.9,
					8.4,
					5.8
				]
			},
			"faces": {
				"north": {
					"uv": [
						0,
						0,
						3.2,
						4
					],
					"texture": "#0"
				},
				"east": {
					"uv": [
						0,
						0,
						3.6,
						4
					],
					"texture": "#0"
				},
				"south": {
					"uv": [
						0,
						0,
						3.2,
						4
					],
					"texture": "#0"
				},
				"west": {
					"uv": [
						0,
						0,
						3.6,
						4
					],
					"texture": "#0"
				},
				"up": {
					"uv": [
						0,
						0,
						3.2,
						3.6
					],
					"rotation": 180,
					"texture": "#0"
				},
				"down": {
					"uv": [
						0,
						0,
						3.2,
						3.6
					],
					"rotation": 180,
					"texture": "#0"
				}
			}
		}
	],
	"display": {
		"head": {
			"rotation": [
				0,
				180,
				0
			]
		}
	}
}