{
	"textures": {
		"4": "animated_java:item/nereus/base_blank"
	},
	"elements": [
		{
			"from": [
				5.8,
				8,
				5.8
			],
			"to": [
				10.3,
				9,
				10.4
			],
			"faces": {
				"north": {
					"uv": [
						2.5,
						4.75,
						3.625,
						5
					],
					"texture": "#4"
				},
				"east": {
					"uv": [
						4.75,
						2.5,
						5.875,
						2.75
					],
					"texture": "#4"
				},
				"south": {
					"uv": [
						4.75,
						2.75,
						5.875,
						3
					],
					"texture": "#4"
				},
				"west": {
					"uv": [
						4.75,
						3,
						5.875,
						3.25
					],
					"texture": "#4"
				},
				"up": {
					"uv": [
						2.375,
						3.625,
						1.25,
						2.5
					],
					"texture": "#4"
				},
				"down": {
					"uv": [
						3.625,
						1.25,
						2.5,
						2.375
					],
					"texture": "#4"
				}
			}
		},
		{
			"from": [
				5.8,
				8.7,
				9.6
			],
			"to": [
				9.8,
				9.7,
				10.4
			],
			"faces": {
				"north": {
					"uv": [
						5.25,
						4,
						6.25,
						4.25
					],
					"texture": "#4"
				},
				"east": {
					"uv": [
						1.25,
						7,
						1.5,
						7.25
					],
					"texture": "#4"
				},
				"south": {
					"uv": [
						4.25,
						5.25,
						5.25,
						5.5
					],
					"texture": "#4"
				},
				"west": {
					"uv": [
						1.5,
						7,
						1.75,
						7.25
					],
					"texture": "#4"
				},
				"up": {
					"uv": [
						6.25,
						4.5,
						5.25,
						4.25
					],
					"texture": "#4"
				},
				"down": {
					"uv": [
						6.25,
						4.5,
						5.25,
						4.75
					],
					"texture": "#4"
				}
			}
		},
		{
			"from": [
				9.8,
				8.7,
				5.8
			],
			"to": [
				10.6,
				9.7,
				10.4
			],
			"faces": {
				"north": {
					"uv": [
						1.75,
						7,
						2,
						7.25
					],
					"texture": "#4"
				},
				"east": {
					"uv": [
						4.75,
						3.25,
						5.875,
						3.5
					],
					"texture": "#4"
				},
				"south": {
					"uv": [
						2,
						7,
						2.25,
						7.25
					],
					"texture": "#4"
				},
				"west": {
					"uv": [
						4.75,
						3.5,
						5.875,
						3.75
					],
					"texture": "#4"
				},
				"up": {
					"uv": [
						4,
						5.875,
						3.75,
						4.75
					],
					"texture": "#4"
				},
				"down": {
					"uv": [
						4.25,
						4.75,
						4,
						5.875
					],
					"texture": "#4"
				}
			}
		},
		{
			"from": [
				5.3,
				8.7,
				5.4
			],
			"to": [
				5.8,
				9.7,
				10
			],
			"rotation": {
				"angle": 0,
				"axis": "y",
				"origin": [
					7.9,
					6.5,
					6.8
				]
			},
			"faces": {
				"north": {
					"uv": [
						2.25,
						7,
						2.5,
						7.25
					],
					"texture": "#4"
				},
				"east": {
					"uv": [
						4.75,
						3.75,
						5.875,
						4
					],
					"texture": "#4"
				},
				"south": {
					"uv": [
						2.5,
						7,
						2.75,
						7.25
					],
					"texture": "#4"
				},
				"west": {
					"uv": [
						4.25,
						4.75,
						5.375,
						5
					],
					"texture": "#4"
				},
				"up": {
					"uv": [
						0.25,
						6.125,
						0,
						5
					],
					"texture": "#4"
				},
				"down": {
					"uv": [
						0.5,
						5,
						0.25,
						6.125
					],
					"texture": "#4"
				}
			}
		},
		{
			"from": [
				9.8,
				8.7,
				5.8
			],
			"to": [
				10.6,
				9.7,
				10.4
			],
			"faces": {
				"north": {
					"uv": [
						2.75,
						7,
						3,
						7.25
					],
					"texture": "#4"
				},
				"east": {
					"uv": [
						5,
						0,
						6.125,
						0.25
					],
					"texture": "#4"
				},
				"south": {
					"uv": [
						3,
						7,
						3.25,
						7.25
					],
					"texture": "#4"
				},
				"west": {
					"uv": [
						5,
						0.25,
						6.125,
						0.5
					],
					"texture": "#4"
				},
				"up": {
					"uv": [
						0.75,
						6.125,
						0.5,
						5
					],
					"texture": "#4"
				},
				"down": {
					"uv": [
						1,
						5,
						0.75,
						6.125
					],
					"texture": "#4"
				}
			}
		},
		{
			"from": [
				5.8,
				8.7,
				9.6
			],
			"to": [
				9.8,
				9.7,
				10.4
			],
			"faces": {
				"north": {
					"uv": [
						5.25,
						5.25,
						6.25,
						5.5
					],
					"texture": "#4"
				},
				"east": {
					"uv": [
						4.5,
						7,
						4.75,
						7.25
					],
					"texture": "#4"
				},
				"south": {
					"uv": [
						2.25,
						5.5,
						3.25,
						5.75
					],
					"texture": "#4"
				},
				"west": {
					"uv": [
						4.75,
						7,
						5,
						7.25
					],
					"texture": "#4"
				},
				"up": {
					"uv": [
						5.25,
						5.75,
						4.25,
						5.5
					],
					"texture": "#4"
				},
				"down": {
					"uv": [
						6.5,
						4.75,
						5.5,
						5
					],
					"texture": "#4"
				}
			}
		},
		{
			"from": [
				6.3,
				9,
				5.8
			],
			"to": [
				9,
				10,
				8.2
			],
			"faces": {
				"north": {
					"uv": [
						6,
						6,
						6.625,
						6.25
					],
					"texture": "#4"
				},
				"east": {
					"uv": [
						0,
						6.25,
						0.625,
						6.5
					],
					"texture": "#4"
				},
				"south": {
					"uv": [
						6.25,
						0,
						6.875,
						0.25
					],
					"texture": "#4"
				},
				"west": {
					"uv": [
						6.25,
						0.25,
						6.875,
						0.5
					],
					"texture": "#4"
				},
				"up": {
					"uv": [
						4.375,
						1.625,
						3.75,
						1
					],
					"texture": "#4"
				},
				"down": {
					"uv": [
						1.875,
						3.75,
						1.25,
						4.375
					],
					"texture": "#4"
				}
			}
		},
		{
			"from": [
				4.6,
				9.1,
				4.4
			],
			"to": [
				5.4,
				10.4,
				5.9
			],
			"faces": {
				"north": {
					"uv": [
						3.5,
						6.75,
						3.75,
						7.125
					],
					"texture": "#4"
				},
				"east": {
					"uv": [
						1.75,
						6.25,
						2.125,
						6.625
					],
					"texture": "#4"
				},
				"south": {
					"uv": [
						3.75,
						6.75,
						4,
						7.125
					],
					"texture": "#4"
				},
				"west": {
					"uv": [
						3.25,
						6.25,
						3.625,
						6.625
					],
					"texture": "#4"
				},
				"up": {
					"uv": [
						4.25,
						7.125,
						4,
						6.75
					],
					"texture": "#4"
				},
				"down": {
					"uv": [
						4.5,
						6.75,
						4.25,
						7.125
					],
					"texture": "#4"
				}
			}
		},
		{
			"from": [
				5.4,
				9,
				4.4
			],
			"to": [
				9.8,
				10,
				5.8
			],
			"faces": {
				"north": {
					"uv": [
						2.25,
						5.25,
						3.375,
						5.5
					],
					"texture": "#4"
				},
				"east": {
					"uv": [
						4.5,
						6.75,
						4.875,
						7
					],
					"texture": "#4"
				},
				"south": {
					"uv": [
						5.25,
						2.25,
						6.375,
						2.5
					],
					"texture": "#4"
				},
				"west": {
					"uv": [
						6.75,
						4.75,
						7.125,
						5
					],
					"texture": "#4"
				},
				"up": {
					"uv": [
						4.875,
						0.375,
						3.75,
						0
					],
					"texture": "#4"
				},
				"down": {
					"uv": [
						4.875,
						0.5,
						3.75,
						0.875
					],
					"texture": "#4"
				}
			}
		},
		{
			"from": [
				4.9,
				9.2,
				3.9000000000000004
			],
			"to": [
				9.8,
				9.5,
				4.4
			],
			"faces": {
				"north": {
					"uv": [
						6.25,
						4,
						7.5,
						4.125
					],
					"texture": "#4"
				},
				"east": {
					"uv": [
						6.5,
						8,
						6.625,
						8.125
					],
					"texture": "#4"
				},
				"south": {
					"uv": [
						6.25,
						4.25,
						7.5,
						4.375
					],
					"texture": "#4"
				},
				"west": {
					"uv": [
						8,
						6.5,
						8.125,
						6.625
					],
					"texture": "#4"
				},
				"up": {
					"uv": [
						7.5,
						4.625,
						6.25,
						4.5
					],
					"texture": "#4"
				},
				"down": {
					"uv": [
						7.5,
						5.25,
						6.25,
						5.375
					],
					"texture": "#4"
				}
			}
		},
		{
			"from": [
				4.6,
				9.4,
				3.5
			],
			"to": [
				10.2,
				10.4,
				4.4
			],
			"faces": {
				"north": {
					"uv": [
						3.75,
						1.75,
						5.125,
						2
					],
					"texture": "#4"
				},
				"east": {
					"uv": [
						7.5,
						0.75,
						7.75,
						1
					],
					"texture": "#4"
				},
				"south": {
					"uv": [
						2,
						3.75,
						3.375,
						4
					],
					"texture": "#4"
				},
				"west": {
					"uv": [
						1,
						7.5,
						1.25,
						7.75
					],
					"texture": "#4"
				},
				"up": {
					"uv": [
						5.125,
						2.25,
						3.75,
						2
					],
					"texture": "#4"
				},
				"down": {
					"uv": [
						5.125,
						2.25,
						3.75,
						2.5
					],
					"texture": "#4"
				}
			}
		},
		{
			"from": [
				9.4,
				9.1,
				4.4
			],
			"to": [
				10.2,
				10.4,
				5.9
			],
			"faces": {
				"north": {
					"uv": [
						5,
						6.75,
						5.25,
						7.125
					],
					"texture": "#4"
				},
				"east": {
					"uv": [
						0,
						6.5,
						0.375,
						6.875
					],
					"texture": "#4"
				},
				"south": {
					"uv": [
						5.25,
						6.75,
						5.5,
						7.125
					],
					"texture": "#4"
				},
				"west": {
					"uv": [
						1.25,
						6.5,
						1.625,
						6.875
					],
					"texture": "#4"
				},
				"up": {
					"uv": [
						5.75,
						7.125,
						5.5,
						6.75
					],
					"texture": "#4"
				},
				"down": {
					"uv": [
						6,
						6.75,
						5.75,
						7.125
					],
					"texture": "#4"
				}
			}
		}
	],
	"display": {
		"head": {
			"rotation": [
				0,
				180,
				0
			]
		}
	}
}