{
	"textures": {
		"4": "animated_java:item/nereus/base_blank"
	},
	"elements": [
		{
			"from": [
				5.6,
				8.8,
				6.5
			],
			"to": [
				7.4,
				9.3,
				10.8
			],
			"faces": {
				"north": {
					"uv": [
						6.75,
						7,
						7.25,
						7.125
					],
					"texture": "#4"
				},
				"east": {
					"uv": [
						6.25,
						5.5,
						7.375,
						5.625
					],
					"texture": "#4"
				},
				"south": {
					"uv": [
						0,
						7.25,
						0.5,
						7.375
					],
					"texture": "#4"
				},
				"west": {
					"uv": [
						6,
						6.25,
						7.125,
						6.375
					],
					"texture": "#4"
				},
				"up": {
					"uv": [
						3,
						3.625,
						2.5,
						2.5
					],
					"texture": "#4"
				},
				"down": {
					"uv": [
						3.5,
						2.5,
						3,
						3.625
					],
					"texture": "#4"
				}
			}
		},
		{
			"from": [
				6.3,
				8.8,
				10.8
			],
			"to": [
				9.4,
				9.3,
				12.5
			],
			"faces": {
				"north": {
					"uv": [
						1.75,
						6.75,
						2.5,
						6.875
					],
					"texture": "#4"
				},
				"east": {
					"uv": [
						7.5,
						5,
						7.875,
						5.125
					],
					"texture": "#4"
				},
				"south": {
					"uv": [
						2.5,
						6.75,
						3.25,
						6.875
					],
					"texture": "#4"
				},
				"west": {
					"uv": [
						7.5,
						5.25,
						7.875,
						5.375
					],
					"texture": "#4"
				},
				"up": {
					"uv": [
						5.75,
						0.875,
						5,
						0.5
					],
					"texture": "#4"
				},
				"down": {
					"uv": [
						1.75,
						5,
						1,
						5.375
					],
					"texture": "#4"
				}
			}
		},
		{
			"from": [
				10.7,
				9.3,
				6.9
			],
			"to": [
				11.5,
				9.8,
				9.2
			],
			"faces": {
				"north": {
					"uv": [
						7.75,
						3.75,
						8,
						3.875
					],
					"texture": "#4"
				},
				"east": {
					"uv": [
						6.75,
						5,
						7.375,
						5.125
					],
					"texture": "#4"
				},
				"south": {
					"uv": [
						4,
						7.75,
						4.25,
						7.875
					],
					"texture": "#4"
				},
				"west": {
					"uv": [
						6.75,
						5.75,
						7.375,
						5.875
					],
					"texture": "#4"
				},
				"up": {
					"uv": [
						3,
						6.625,
						2.75,
						6
					],
					"texture": "#4"
				},
				"down": {
					"uv": [
						3.25,
						6,
						3,
						6.625
					],
					"texture": "#4"
				}
			}
		},
		{
			"from": [
				9.4,
				8.8,
				9.2
			],
			"to": [
				10.9,
				9.3,
				10.7
			],
			"faces": {
				"north": {
					"uv": [
						5.5,
						7.5,
						5.875,
						7.625
					],
					"texture": "#4"
				},
				"east": {
					"uv": [
						7.5,
						5.5,
						7.875,
						5.625
					],
					"texture": "#4"
				},
				"south": {
					"uv": [
						7.5,
						5.75,
						7.875,
						5.875
					],
					"texture": "#4"
				},
				"west": {
					"uv": [
						6,
						7.5,
						6.375,
						7.625
					],
					"texture": "#4"
				},
				"up": {
					"uv": [
						4.125,
						6.375,
						3.75,
						6
					],
					"texture": "#4"
				},
				"down": {
					"uv": [
						1.125,
						6.25,
						0.75,
						6.625
					],
					"texture": "#4"
				}
			}
		},
		{
			"from": [
				8.6,
				8,
				6.4
			],
			"to": [
				9.5,
				9,
				9.4
			],
			"faces": {
				"north": {
					"uv": [
						6,
						7,
						6.25,
						7.25
					],
					"texture": "#4"
				},
				"east": {
					"uv": [
						1.25,
						4.5,
						2,
						4.75
					],
					"texture": "#4"
				},
				"south": {
					"uv": [
						0.5,
						7.25,
						0.75,
						7.5
					],
					"texture": "#4"
				},
				"west": {
					"uv": [
						4.75,
						5.75,
						5.5,
						6
					],
					"texture": "#4"
				},
				"up": {
					"uv": [
						5.75,
						6.5,
						5.5,
						5.75
					],
					"texture": "#4"
				},
				"down": {
					"uv": [
						6,
						5.75,
						5.75,
						6.5
					],
					"texture": "#4"
				}
			}
		},
		{
			"from": [
				6.5,
				8,
				6.4
			],
			"to": [
				7.4,
				9,
				9.4
			],
			"faces": {
				"north": {
					"uv": [
						7.25,
						0.5,
						7.5,
						0.75
					],
					"texture": "#4"
				},
				"east": {
					"uv": [
						6,
						0.5,
						6.75,
						0.75
					],
					"texture": "#4"
				},
				"south": {
					"uv": [
						0.75,
						7.25,
						1,
						7.5
					],
					"texture": "#4"
				},
				"west": {
					"uv": [
						6,
						0.75,
						6.75,
						1
					],
					"texture": "#4"
				},
				"up": {
					"uv": [
						2.5,
						6.75,
						2.25,
						6
					],
					"texture": "#4"
				},
				"down": {
					"uv": [
						2.75,
						6,
						2.5,
						6.75
					],
					"texture": "#4"
				}
			}
		},
		{
			"from": [
				7.4,
				8,
				8.5
			],
			"to": [
				8.6,
				9,
				9.4
			],
			"faces": {
				"north": {
					"uv": [
						7.25,
						0.75,
						7.5,
						1
					],
					"texture": "#4"
				},
				"east": {
					"uv": [
						7.25,
						1,
						7.5,
						1.25
					],
					"texture": "#4"
				},
				"south": {
					"uv": [
						1.25,
						7.25,
						1.5,
						7.5
					],
					"texture": "#4"
				},
				"west": {
					"uv": [
						7.25,
						1.25,
						7.5,
						1.5
					],
					"texture": "#4"
				},
				"up": {
					"uv": [
						1.75,
						7.5,
						1.5,
						7.25
					],
					"texture": "#4"
				},
				"down": {
					"uv": [
						7.5,
						1.5,
						7.25,
						1.75
					],
					"texture": "#4"
				}
			}
		},
		{
			"from": [
				7.4,
				8,
				6.4
			],
			"to": [
				8.6,
				9,
				7.300000000000001
			],
			"faces": {
				"north": {
					"uv": [
						1.75,
						7.25,
						2,
						7.5
					],
					"texture": "#4"
				},
				"east": {
					"uv": [
						2,
						7.25,
						2.25,
						7.5
					],
					"texture": "#4"
				},
				"south": {
					"uv": [
						2.25,
						7.25,
						2.5,
						7.5
					],
					"texture": "#4"
				},
				"west": {
					"uv": [
						2.5,
						7.25,
						2.75,
						7.5
					],
					"texture": "#4"
				},
				"up": {
					"uv": [
						3,
						7.5,
						2.75,
						7.25
					],
					"texture": "#4"
				},
				"down": {
					"uv": [
						3.25,
						7.25,
						3,
						7.5
					],
					"texture": "#4"
				}
			}
		},
		{
			"from": [
				7.4,
				8.8,
				8.5
			],
			"to": [
				9.4,
				9.3,
				10.8
			],
			"faces": {
				"north": {
					"uv": [
						7.25,
						3,
						7.75,
						3.125
					],
					"texture": "#4"
				},
				"east": {
					"uv": [
						6.75,
						6,
						7.375,
						6.125
					],
					"texture": "#4"
				},
				"south": {
					"uv": [
						7.25,
						3.25,
						7.75,
						3.375
					],
					"texture": "#4"
				},
				"west": {
					"uv": [
						6.75,
						6.5,
						7.375,
						6.625
					],
					"texture": "#4"
				},
				"up": {
					"uv": [
						2.5,
						4.625,
						2,
						4
					],
					"texture": "#4"
				},
				"down": {
					"uv": [
						3,
						4,
						2.5,
						4.625
					],
					"texture": "#4"
				}
			}
		},
		{
			"from": [
				7.3,
				8.8,
				6.4
			],
			"to": [
				9.4,
				9.3,
				7.300000000000001
			],
			"faces": {
				"north": {
					"uv": [
						3.5,
						7.25,
						4,
						7.375
					],
					"texture": "#4"
				},
				"east": {
					"uv": [
						7.75,
						4,
						8,
						4.125
					],
					"texture": "#4"
				},
				"south": {
					"uv": [
						7.25,
						3.5,
						7.75,
						3.625
					],
					"texture": "#4"
				},
				"west": {
					"uv": [
						4.25,
						7.75,
						4.5,
						7.875
					],
					"texture": "#4"
				},
				"up": {
					"uv": [
						5.25,
						6.5,
						4.75,
						6.25
					],
					"texture": "#4"
				},
				"down": {
					"uv": [
						4.25,
						6.5,
						3.75,
						6.75
					],
					"texture": "#4"
				}
			}
		},
		{
			"from": [
				8.6,
				8.8,
				7.300000000000001
			],
			"to": [
				9.4,
				9.3,
				8.5
			],
			"faces": {
				"north": {
					"uv": [
						7.75,
						4.75,
						8,
						4.875
					],
					"texture": "#4"
				},
				"east": {
					"uv": [
						5,
						7.75,
						5.25,
						7.875
					],
					"texture": "#4"
				},
				"south": {
					"uv": [
						5.25,
						7.75,
						5.5,
						7.875
					],
					"texture": "#4"
				},
				"west": {
					"uv": [
						5.5,
						7.75,
						5.75,
						7.875
					],
					"texture": "#4"
				},
				"up": {
					"uv": [
						7.5,
						4,
						7.25,
						3.75
					],
					"texture": "#4"
				},
				"down": {
					"uv": [
						4.25,
						7.25,
						4,
						7.5
					],
					"texture": "#4"
				}
			}
		},
		{
			"from": [
				9.4,
				8.8,
				6.9
			],
			"to": [
				11.5,
				9.3,
				9.2
			],
			"faces": {
				"north": {
					"uv": [
						4.25,
						7.25,
						4.75,
						7.375
					],
					"texture": "#4"
				},
				"east": {
					"uv": [
						6.75,
						6.75,
						7.375,
						6.875
					],
					"texture": "#4"
				},
				"south": {
					"uv": [
						4.75,
						7.25,
						5.25,
						7.375
					],
					"texture": "#4"
				},
				"west": {
					"uv": [
						0,
						7,
						0.625,
						7.125
					],
					"texture": "#4"
				},
				"up": {
					"uv": [
						3.5,
						4.625,
						3,
						4
					],
					"texture": "#4"
				},
				"down": {
					"uv": [
						4,
						4,
						3.5,
						4.625
					],
					"texture": "#4"
				}
			}
		},
		{
			"from": [
				10.2,
				9.3,
				9.2
			],
			"to": [
				10.9,
				9.8,
				10.7
			],
			"faces": {
				"north": {
					"uv": [
						5.25,
						8,
						5.375,
						8.125
					],
					"texture": "#4"
				},
				"east": {
					"uv": [
						7.5,
						6,
						7.875,
						6.125
					],
					"texture": "#4"
				},
				"south": {
					"uv": [
						8,
						5.25,
						8.125,
						5.375
					],
					"texture": "#4"
				},
				"west": {
					"uv": [
						6.5,
						7.5,
						6.875,
						7.625
					],
					"texture": "#4"
				},
				"up": {
					"uv": [
						7.625,
						6.875,
						7.5,
						6.5
					],
					"texture": "#4"
				},
				"down": {
					"uv": [
						7.125,
						7.5,
						7,
						7.875
					],
					"texture": "#4"
				}
			}
		},
		{
			"from": [
				8.6,
				9.3,
				10.7
			],
			"to": [
				9.4,
				9.8,
				12.5
			],
			"faces": {
				"north": {
					"uv": [
						5.75,
						7.75,
						6,
						7.875
					],
					"texture": "#4"
				},
				"east": {
					"uv": [
						7.25,
						4.75,
						7.75,
						4.875
					],
					"texture": "#4"
				},
				"south": {
					"uv": [
						6,
						7.75,
						6.25,
						7.875
					],
					"texture": "#4"
				},
				"west": {
					"uv": [
						5.25,
						7.25,
						5.75,
						7.375
					],
					"texture": "#4"
				},
				"up": {
					"uv": [
						3.75,
						5.5,
						3.5,
						5
					],
					"texture": "#4"
				},
				"down": {
					"uv": [
						0.75,
						6.5,
						0.5,
						7
					],
					"texture": "#4"
				}
			}
		},
		{
			"from": [
				6.3,
				9.3,
				10.7
			],
			"to": [
				7.1,
				9.8,
				12.5
			],
			"faces": {
				"north": {
					"uv": [
						6.25,
						7.75,
						6.5,
						7.875
					],
					"texture": "#4"
				},
				"east": {
					"uv": [
						5.75,
						7.25,
						6.25,
						7.375
					],
					"texture": "#4"
				},
				"south": {
					"uv": [
						7.75,
						6.25,
						8,
						6.375
					],
					"texture": "#4"
				},
				"west": {
					"uv": [
						7.25,
						6.25,
						7.75,
						6.375
					],
					"texture": "#4"
				},
				"up": {
					"uv": [
						6.75,
						5.25,
						6.5,
						4.75
					],
					"texture": "#4"
				},
				"down": {
					"uv": [
						6.25,
						6.5,
						6,
						7
					],
					"texture": "#4"
				}
			}
		},
		{
			"from": [
				5.6,
				9.3,
				6.5
			],
			"to": [
				6.4,
				9.8,
				10.8
			],
			"faces": {
				"north": {
					"uv": [
						6.5,
						7.75,
						6.75,
						7.875
					],
					"texture": "#4"
				},
				"east": {
					"uv": [
						6.5,
						1.75,
						7.625,
						1.875
					],
					"texture": "#4"
				},
				"south": {
					"uv": [
						7.75,
						6.5,
						8,
						6.625
					],
					"texture": "#4"
				},
				"west": {
					"uv": [
						6.5,
						2,
						7.625,
						2.125
					],
					"texture": "#4"
				},
				"up": {
					"uv": [
						2,
						6.125,
						1.75,
						5
					],
					"texture": "#4"
				},
				"down": {
					"uv": [
						2.25,
						5,
						2,
						6.125
					],
					"texture": "#4"
				}
			}
		},
		{
			"from": [
				6.9,
				9.3,
				11.8
			],
			"to": [
				8.8,
				9.8,
				12.5
			],
			"faces": {
				"north": {
					"uv": [
						6.75,
						7.25,
						7.25,
						7.375
					],
					"texture": "#4"
				},
				"east": {
					"uv": [
						5.5,
						8,
						5.625,
						8.125
					],
					"texture": "#4"
				},
				"south": {
					"uv": [
						7.25,
						7,
						7.75,
						7.125
					],
					"texture": "#4"
				},
				"west": {
					"uv": [
						8,
						5.5,
						8.125,
						5.625
					],
					"texture": "#4"
				},
				"up": {
					"uv": [
						7.75,
						7.375,
						7.25,
						7.25
					],
					"texture": "#4"
				},
				"down": {
					"uv": [
						0.5,
						7.5,
						0,
						7.625
					],
					"texture": "#4"
				}
			}
		},
		{
			"from": [
				8.8,
				9.3,
				10.1
			],
			"to": [
				10.3,
				9.8,
				10.7
			],
			"faces": {
				"north": {
					"uv": [
						7.25,
						7.5,
						7.625,
						7.625
					],
					"texture": "#4"
				},
				"east": {
					"uv": [
						5.75,
						8,
						5.875,
						8.125
					],
					"texture": "#4"
				},
				"south": {
					"uv": [
						0,
						7.75,
						0.375,
						7.875
					],
					"texture": "#4"
				},
				"west": {
					"uv": [
						8,
						5.75,
						8.125,
						5.875
					],
					"texture": "#4"
				},
				"up": {
					"uv": [
						8.125,
						0.125,
						7.75,
						0
					],
					"texture": "#4"
				},
				"down": {
					"uv": [
						8.125,
						0.25,
						7.75,
						0.375
					],
					"texture": "#4"
				}
			}
		},
		{
			"from": [
				6.3,
				9.3,
				6.4
			],
			"to": [
				10.9,
				9.6,
				7.300000000000001
			],
			"faces": {
				"north": {
					"uv": [
						6.5,
						2.25,
						7.625,
						2.375
					],
					"texture": "#4"
				},
				"east": {
					"uv": [
						6.75,
						7.75,
						7,
						7.875
					],
					"texture": "#4"
				},
				"south": {
					"uv": [
						4.75,
						6.5,
						5.875,
						6.625
					],
					"texture": "#4"
				},
				"west": {
					"uv": [
						7.75,
						6.75,
						8,
						6.875
					],
					"texture": "#4"
				},
				"up": {
					"uv": [
						3.375,
						5.25,
						2.25,
						5
					],
					"texture": "#4"
				},
				"down": {
					"uv": [
						5.375,
						5,
						4.25,
						5.25
					],
					"texture": "#4"
				}
			}
		},
		{
			"from": [
				6.4,
				9,
				4.9
			],
			"to": [
				11,
				9.8,
				6.9
			],
			"faces": {
				"north": {
					"uv": [
						5.25,
						1.75,
						6.375,
						2
					],
					"texture": "#4"
				},
				"east": {
					"uv": [
						6.25,
						6.5,
						6.75,
						6.75
					],
					"texture": "#4"
				},
				"south": {
					"uv": [
						5.25,
						2,
						6.375,
						2.25
					],
					"texture": "#4"
				},
				"west": {
					"uv": [
						6.75,
						0.5,
						7.25,
						0.75
					],
					"texture": "#4"
				},
				"up": {
					"uv": [
						4.625,
						3,
						3.5,
						2.5
					],
					"texture": "#4"
				},
				"down": {
					"uv": [
						4.625,
						3,
						3.5,
						3.5
					],
					"texture": "#4"
				}
			}
		},
		{
			"from": [
				10.2,
				9.8,
				4.9
			],
			"to": [
				11,
				10,
				6.9
			],
			"faces": {
				"north": {
					"uv": [
						7.75,
						7,
						8,
						7.125
					],
					"texture": "#4"
				},
				"east": {
					"uv": [
						0.5,
						7.5,
						1,
						7.625
					],
					"texture": "#4"
				},
				"south": {
					"uv": [
						7.25,
						7.75,
						7.5,
						7.875
					],
					"texture": "#4"
				},
				"west": {
					"uv": [
						7.5,
						0.5,
						8,
						0.625
					],
					"texture": "#4"
				},
				"up": {
					"uv": [
						1,
						7.25,
						0.75,
						6.75
					],
					"texture": "#4"
				},
				"down": {
					"uv": [
						7,
						0.75,
						6.75,
						1.25
					],
					"texture": "#4"
				}
			}
		},
		{
			"from": [
				6.4,
				9.2,
				4.1
			],
			"to": [
				9.5,
				9.8,
				4.9
			],
			"faces": {
				"north": {
					"uv": [
						6.75,
						2.5,
						7.5,
						2.625
					],
					"texture": "#4"
				},
				"east": {
					"uv": [
						7.75,
						7.25,
						8,
						7.375
					],
					"texture": "#4"
				},
				"south": {
					"uv": [
						6.75,
						2.75,
						7.5,
						2.875
					],
					"texture": "#4"
				},
				"west": {
					"uv": [
						7.5,
						7.75,
						7.75,
						7.875
					],
					"texture": "#4"
				},
				"up": {
					"uv": [
						6.75,
						1.25,
						6,
						1
					],
					"texture": "#4"
				},
				"down": {
					"uv": [
						6.75,
						1.25,
						6,
						1.5
					],
					"texture": "#4"
				}
			}
		},
		{
			"from": [
				9.5,
				9.8,
				4.9
			],
			"to": [
				10.4,
				10,
				5.5
			],
			"faces": {
				"north": {
					"uv": [
						7.75,
						7.5,
						8,
						7.625
					],
					"texture": "#4"
				},
				"east": {
					"uv": [
						6,
						8,
						6.125,
						8.125
					],
					"texture": "#4"
				},
				"south": {
					"uv": [
						7.75,
						7.75,
						8,
						7.875
					],
					"texture": "#4"
				},
				"west": {
					"uv": [
						8,
						6,
						8.125,
						6.125
					],
					"texture": "#4"
				},
				"up": {
					"uv": [
						0.25,
						8.125,
						0,
						8
					],
					"texture": "#4"
				},
				"down": {
					"uv": [
						0.5,
						8,
						0.25,
						8.125
					],
					"texture": "#4"
				}
			}
		},
		{
			"from": [
				8.9,
				9.8,
				4.1
			],
			"to": [
				9.5,
				10,
				5.199999999999999
			],
			"faces": {
				"north": {
					"uv": [
						6.25,
						8,
						6.375,
						8.125
					],
					"texture": "#4"
				},
				"east": {
					"uv": [
						0.5,
						8,
						0.75,
						8.125
					],
					"texture": "#4"
				},
				"south": {
					"uv": [
						8,
						6.25,
						8.125,
						6.375
					],
					"texture": "#4"
				},
				"west": {
					"uv": [
						8,
						0.5,
						8.25,
						0.625
					],
					"texture": "#4"
				},
				"up": {
					"uv": [
						0.875,
						8.25,
						0.75,
						8
					],
					"texture": "#4"
				},
				"down": {
					"uv": [
						8.125,
						0.75,
						8,
						1
					],
					"texture": "#4"
				}
			}
		},
		{
			"from": [
				6.4,
				9.8,
				4.1
			],
			"to": [
				8.9,
				10,
				5.199999999999999
			],
			"faces": {
				"north": {
					"uv": [
						7,
						0,
						7.625,
						0.125
					],
					"texture": "#4"
				},
				"east": {
					"uv": [
						1,
						8,
						1.25,
						8.125
					],
					"texture": "#4"
				},
				"south": {
					"uv": [
						7,
						0.25,
						7.625,
						0.375
					],
					"texture": "#4"
				},
				"west": {
					"uv": [
						8,
						1,
						8.25,
						1.125
					],
					"texture": "#4"
				},
				"up": {
					"uv": [
						5.375,
						6.25,
						4.75,
						6
					],
					"texture": "#4"
				},
				"down": {
					"uv": [
						6.625,
						5.75,
						6,
						6
					],
					"texture": "#4"
				}
			}
		},
		{
			"from": [
				5.800000000000001,
				9.2,
				4.300000000000001
			],
			"to": [
				6.5,
				10,
				7.1
			],
			"faces": {
				"north": {
					"uv": [
						1.25,
						8,
						1.375,
						8.25
					],
					"texture": "#4"
				},
				"east": {
					"uv": [
						6,
						2.5,
						6.75,
						2.75
					],
					"texture": "#4"
				},
				"south": {
					"uv": [
						8,
						1.25,
						8.125,
						1.5
					],
					"texture": "#4"
				},
				"west": {
					"uv": [
						6,
						2.75,
						6.75,
						3
					],
					"texture": "#4"
				},
				"up": {
					"uv": [
						1.125,
						7.5,
						1,
						6.75
					],
					"texture": "#4"
				},
				"down": {
					"uv": [
						3.375,
						6.75,
						3.25,
						7.5
					],
					"texture": "#4"
				}
			}
		}
	],
	"display": {
		"head": {
			"rotation": [
				0,
				180,
				0
			]
		}
	}
}