{
	"textures": {
		"6": "animated_java:item/nereus/twig_blank"
	},
	"elements": [
		{
			"from": [
				11,
				10.3,
				7.701
			],
			"to": [
				13.1,
				10.899999999999999,
				8.301
			],
			"rotation": {
				"angle": 22.5,
				"axis": "z",
				"origin": [
					8,
					9,
					8
				]
			},
			"faces": {
				"north": {
					"uv": [
						5,
						6,
						7,
						6.5
					],
					"texture": "#6"
				},
				"east": {
					"uv": [
						9,
						9,
						9.5,
						9.5
					],
					"texture": "#6"
				},
				"south": {
					"uv": [
						7,
						3,
						9,
						3.5
					],
					"texture": "#6"
				},
				"west": {
					"uv": [
						0,
						10,
						0.5,
						10.5
					],
					"texture": "#6"
				},
				"up": {
					"uv": [
						9,
						4.5,
						7,
						4
					],
					"texture": "#6"
				},
				"down": {
					"uv": [
						7,
						7,
						5,
						7.5
					],
					"texture": "#6"
				}
			}
		},
		{
			"from": [
				6.9,
				11.5,
				7.701
			],
			"to": [
				9,
				12.100000000000001,
				8.301
			],
			"rotation": {
				"angle": -22.5,
				"axis": "z",
				"origin": [
					8,
					9,
					8
				]
			},
			"faces": {
				"north": {
					"uv": [
						7,
						5,
						9,
						5.5
					],
					"texture": "#6"
				},
				"east": {
					"uv": [
						10,
						0,
						10.5,
						0.5
					],
					"texture": "#6"
				},
				"south": {
					"uv": [
						7,
						6,
						9,
						6.5
					],
					"texture": "#6"
				},
				"west": {
					"uv": [
						1,
						10,
						1.5,
						10.5
					],
					"texture": "#6"
				},
				"up": {
					"uv": [
						9,
						7.5,
						7,
						7
					],
					"texture": "#6"
				},
				"down": {
					"uv": [
						2,
						8,
						0,
						8.5
					],
					"texture": "#6"
				}
			}
		},
		{
			"from": [
				7.4,
				10.399999999999999,
				7.7001
			],
			"to": [
				8,
				12.5,
				8.3001
			],
			"rotation": {
				"angle": -45,
				"axis": "z",
				"origin": [
					8,
					9,
					8
				]
			},
			"faces": {
				"north": {
					"uv": [
						8,
						0,
						8.5,
						2
					],
					"texture": "#6"
				},
				"east": {
					"uv": [
						2,
						8,
						2.5,
						10
					],
					"texture": "#6"
				},
				"south": {
					"uv": [
						3,
						8,
						3.5,
						10
					],
					"texture": "#6"
				},
				"west": {
					"uv": [
						5,
						8,
						5.5,
						10
					],
					"texture": "#6"
				},
				"up": {
					"uv": [
						10.5,
						1.5,
						10,
						1
					],
					"texture": "#6"
				},
				"down": {
					"uv": [
						2.5,
						10,
						2,
						10.5
					],
					"texture": "#6"
				}
			}
		},
		{
			"from": [
				8,
				8.3,
				7.7
			],
			"to": [
				8.6,
				10.7,
				8.3
			],
			"rotation": {
				"angle": -22.5,
				"axis": "z",
				"origin": [
					8,
					9,
					8
				]
			},
			"faces": {
				"north": {
					"uv": [
						4,
						3,
						4.5,
						5.5
					],
					"texture": "#6"
				},
				"east": {
					"uv": [
						0,
						5,
						0.5,
						7.5
					],
					"texture": "#6"
				},
				"south": {
					"uv": [
						1,
						5,
						1.5,
						7.5
					],
					"texture": "#6"
				},
				"west": {
					"uv": [
						2,
						5,
						2.5,
						7.5
					],
					"texture": "#6"
				},
				"up": {
					"uv": [
						10.5,
						2.5,
						10,
						2
					],
					"texture": "#6"
				},
				"down": {
					"uv": [
						3.5,
						10,
						3,
						10.5
					],
					"texture": "#6"
				}
			}
		},
		{
			"from": [
				7.7,
				6.4,
				7.701
			],
			"to": [
				8.3,
				8.6,
				8.301
			],
			"faces": {
				"north": {
					"uv": [
						3,
						5,
						3.5,
						7.25
					],
					"texture": "#6"
				},
				"east": {
					"uv": [
						5,
						3,
						5.5,
						5.25
					],
					"texture": "#6"
				},
				"south": {
					"uv": [
						6,
						3,
						6.5,
						5.25
					],
					"texture": "#6"
				},
				"west": {
					"uv": [
						4,
						6,
						4.5,
						8.25
					],
					"texture": "#6"
				},
				"up": {
					"uv": [
						10.5,
						3.5,
						10,
						3
					],
					"texture": "#6"
				},
				"down": {
					"uv": [
						10.5,
						4,
						10,
						4.5
					],
					"texture": "#6"
				}
			}
		},
		{
			"from": [
				7.3,
				8,
				7.7001
			],
			"to": [
				7.9,
				11.600000000000001,
				8.3001
			],
			"rotation": {
				"angle": 22.5,
				"axis": "z",
				"origin": [
					8,
					9,
					8
				]
			},
			"faces": {
				"north": {
					"uv": [
						0,
						0,
						0.5,
						3.5
					],
					"texture": "#6"
				},
				"east": {
					"uv": [
						1,
						0,
						1.5,
						3.5
					],
					"texture": "#6"
				},
				"south": {
					"uv": [
						2,
						0,
						2.5,
						3.5
					],
					"texture": "#6"
				},
				"west": {
					"uv": [
						3,
						0,
						3.5,
						3.5
					],
					"texture": "#6"
				},
				"up": {
					"uv": [
						5.5,
						10.5,
						5,
						10
					],
					"texture": "#6"
				},
				"down": {
					"uv": [
						10.5,
						5,
						10,
						5.5
					],
					"texture": "#6"
				}
			}
		},
		{
			"from": [
				4,
				9.1,
				7.701
			],
			"to": [
				7.6,
				9.7,
				8.301
			],
			"rotation": {
				"angle": 0,
				"axis": "y",
				"origin": [
					8,
					9,
					8
				]
			},
			"faces": {
				"north": {
					"uv": [
						0.032,
						4.032,
						3.5,
						4.5
					],
					"texture": "#6"
				},
				"east": {
					"uv": [
						6.032,
						10.032,
						6.5,
						10.5
					],
					"texture": "#6"
				},
				"south": {
					"uv": [
						4.032,
						0.032,
						7.5,
						0.5
					],
					"texture": "#6"
				},
				"west": {
					"uv": [
						10.032,
						6.032,
						10.5,
						6.5
					],
					"texture": "#6"
				},
				"up": {
					"uv": [
						7.5,
						1.5,
						4.032,
						1.032
					],
					"texture": "#6"
				},
				"down": {
					"uv": [
						7.5,
						2.032,
						4.032,
						2.5
					],
					"texture": "#6"
				}
			}
		},
		{
			"from": [
				5.2,
				10.399999999999999,
				7.701
			],
			"to": [
				7,
				11,
				8.301
			],
			"rotation": {
				"angle": 0,
				"axis": "y",
				"origin": [
					8,
					9,
					8
				]
			},
			"faces": {
				"north": {
					"uv": [
						8,
						2,
						9.75,
						2.5
					],
					"texture": "#6"
				},
				"east": {
					"uv": [
						7,
						10,
						7.5,
						10.5
					],
					"texture": "#6"
				},
				"south": {
					"uv": [
						6,
						8,
						7.75,
						8.5
					],
					"texture": "#6"
				},
				"west": {
					"uv": [
						10,
						7,
						10.5,
						7.5
					],
					"texture": "#6"
				},
				"up": {
					"uv": [
						9.75,
						8.5,
						8,
						8
					],
					"texture": "#6"
				},
				"down": {
					"uv": [
						1.75,
						9,
						0,
						9.5
					],
					"texture": "#6"
				}
			}
		},
		{
			"from": [
				5.300000000000001,
				10.6,
				7.7
			],
			"to": [
				5.9,
				11.600000000000001,
				8.3
			],
			"rotation": {
				"angle": 0,
				"axis": "y",
				"origin": [
					8,
					9,
					8
				]
			},
			"faces": {
				"north": {
					"uv": [
						6,
						9,
						6.5,
						10
					],
					"texture": "#6"
				},
				"east": {
					"uv": [
						7,
						9,
						7.5,
						10
					],
					"texture": "#6"
				},
				"south": {
					"uv": [
						9,
						7,
						9.5,
						8
					],
					"texture": "#6"
				},
				"west": {
					"uv": [
						8,
						9,
						8.5,
						10
					],
					"texture": "#6"
				},
				"up": {
					"uv": [
						8.5,
						10.5,
						8,
						10
					],
					"texture": "#6"
				},
				"down": {
					"uv": [
						10.5,
						8,
						10,
						8.5
					],
					"texture": "#6"
				}
			}
		},
		{
			"from": [
				4.9,
				10.399999999999999,
				7.705
			],
			"to": [
				5.4,
				11.7,
				8.295
			],
			"rotation": {
				"angle": 22.5,
				"axis": "z",
				"origin": [
					8,
					9,
					8
				]
			},
			"faces": {
				"north": {
					"uv": [
						9,
						0,
						9.5,
						1.25
					],
					"texture": "#6"
				},
				"east": {
					"uv": [
						9,
						3,
						9.5,
						4.25
					],
					"texture": "#6"
				},
				"south": {
					"uv": [
						4,
						9,
						4.5,
						10.25
					],
					"texture": "#6"
				},
				"west": {
					"uv": [
						9,
						5,
						9.5,
						6.25
					],
					"texture": "#6"
				},
				"up": {
					"uv": [
						9.5,
						10.5,
						9,
						10
					],
					"texture": "#6"
				},
				"down": {
					"uv": [
						10.5,
						9,
						10,
						9.5
					],
					"texture": "#6"
				}
			}
		}
	],
	"display": {
		"head": {
			"rotation": [
				0,
				180,
				0
			]
		}
	}
}