{
	"textures": {
		"7": "animated_java:item/nereus/water_blank"
	},
	"elements": [
		{
			"from": [
				5.6,
				8,
				7
			],
			"to": [
				10.5,
				8,
				10.7
			],
			"faces": {
				"north": {
					"uv": [
						0,
						0,
						1.05,
						0
					],
					"texture": "#7"
				},
				"east": {
					"uv": [
						0,
						0,
						0.7,
						0
					],
					"texture": "#7"
				},
				"south": {
					"uv": [
						0,
						0,
						1.05,
						0
					],
					"texture": "#7"
				},
				"west": {
					"uv": [
						0,
						0,
						0.7,
						0
					],
					"texture": "#7"
				},
				"up": {
					"uv": [
						0,
						0,
						16,
						16
					],
					"texture": "#7"
				},
				"down": {
					"uv": [
						0,
						0,
						1.05,
						0.7
					],
					"texture": "#7"
				}
			}
		},
		{
			"from": [
				5.6,
				6.6,
				5.699999999999999
			],
			"to": [
				9.4,
				7.1,
				7.800000000000001
			],
			"rotation": {
				"angle": 22.5,
				"axis": "x",
				"origin": [
					8,
					5,
					10.1
				]
			},
			"faces": {
				"north": {
					"uv": [
						0,
						0,
						1.05,
						0
					],
					"texture": "#7"
				},
				"east": {
					"uv": [
						0,
						0,
						16,
						8
					],
					"texture": "#7"
				},
				"south": {
					"uv": [
						0,
						0,
						1.05,
						0
					],
					"texture": "#7"
				},
				"west": {
					"uv": [
						0,
						0,
						16,
						7
					],
					"texture": "#7"
				},
				"up": {
					"uv": [
						0,
						0,
						16,
						16
					],
					"texture": "#7"
				},
				"down": {
					"uv": [
						0,
						0,
						1.05,
						0.7
					],
					"texture": "#7"
				}
			}
		},
		{
			"from": [
				5.6,
				8.6,
				5.300000000000001
			],
			"to": [
				9.4,
				8.6,
				6.85
			],
			"faces": {
				"north": {
					"uv": [
						0,
						0,
						1.05,
						0
					],
					"texture": "#7"
				},
				"east": {
					"uv": [
						0,
						0,
						0.7,
						0
					],
					"texture": "#7"
				},
				"south": {
					"uv": [
						0,
						0,
						1.05,
						0
					],
					"texture": "#7"
				},
				"west": {
					"uv": [
						0,
						0,
						0.7,
						0
					],
					"texture": "#7"
				},
				"up": {
					"uv": [
						0,
						0,
						16,
						16
					],
					"texture": "#7"
				},
				"down": {
					"uv": [
						0,
						0,
						1.05,
						0.7
					],
					"texture": "#7"
				}
			}
		}
	],
	"display": {
		"head": {
			"rotation": [
				0,
				180,
				0
			]
		}
	}
}