{
	"textures": {
		"7": "animated_java:item/nereus/water_blank"
	},
	"elements": [
		{
			"from": [
				6.4001,
				6.47164,
				3.5519499999999997
			],
			"to": [
				10.6001,
				6.67164,
				4.751950000000001
			],
			"rotation": {
				"angle": 22.5,
				"axis": "x",
				"origin": [
					8,
					0,
					9.4
				]
			},
			"faces": {
				"north": {
					"uv": [
						0,
						0,
						1.05,
						0
					],
					"texture": "#7"
				},
				"east": {
					"uv": [
						0,
						0,
						16,
						6
					],
					"texture": "#7"
				},
				"south": {
					"uv": [
						0,
						0,
						1.05,
						0
					],
					"texture": "#7"
				},
				"west": {
					"uv": [
						0,
						0,
						0.7,
						0
					],
					"texture": "#7"
				},
				"up": {
					"uv": [
						0,
						0,
						16,
						16
					],
					"texture": "#7"
				},
				"down": {
					"uv": [
						0,
						0,
						1.05,
						0.7
					],
					"texture": "#7"
				}
			}
		},
		{
			"from": [
				6.4,
				8.4,
				4.9
			],
			"to": [
				10.2,
				8.4,
				6.6
			],
			"faces": {
				"north": {
					"uv": [
						0,
						0,
						1.05,
						0
					],
					"texture": "#7"
				},
				"east": {
					"uv": [
						0,
						0,
						0.7,
						0
					],
					"texture": "#7"
				},
				"south": {
					"uv": [
						0,
						0,
						1.05,
						0
					],
					"texture": "#7"
				},
				"west": {
					"uv": [
						0,
						0,
						0.7,
						0
					],
					"texture": "#7"
				},
				"up": {
					"uv": [
						0,
						0,
						16,
						16
					],
					"texture": "#7"
				},
				"down": {
					"uv": [
						0,
						0,
						1.05,
						0.7
					],
					"texture": "#7"
				}
			}
		},
		{
			"from": [
				6.4,
				8,
				7.1
			],
			"to": [
				10.6,
				8,
				9.9
			],
			"faces": {
				"north": {
					"uv": [
						0,
						0,
						1.05,
						0
					],
					"texture": "#7"
				},
				"east": {
					"uv": [
						0,
						0,
						0.7,
						0
					],
					"texture": "#7"
				},
				"south": {
					"uv": [
						0,
						0,
						1.05,
						0
					],
					"texture": "#7"
				},
				"west": {
					"uv": [
						0,
						0,
						0.7,
						0
					],
					"texture": "#7"
				},
				"up": {
					"uv": [
						0,
						0,
						16,
						16
					],
					"texture": "#7"
				},
				"down": {
					"uv": [
						0,
						0,
						1.05,
						0.7
					],
					"texture": "#7"
				}
			}
		},
		{
			"from": [
				6.4,
				8,
				9.9
			],
			"to": [
				9,
				8,
				11.4
			],
			"faces": {
				"north": {
					"uv": [
						0,
						0,
						0.65,
						0
					],
					"texture": "#7"
				},
				"east": {
					"uv": [
						0,
						0,
						0.375,
						0
					],
					"texture": "#7"
				},
				"south": {
					"uv": [
						0,
						0,
						0.65,
						0
					],
					"texture": "#7"
				},
				"west": {
					"uv": [
						0,
						0,
						0.375,
						0
					],
					"texture": "#7"
				},
				"up": {
					"uv": [
						0,
						0,
						13,
						9
					],
					"texture": "#7"
				},
				"down": {
					"uv": [
						0,
						0,
						0.65,
						0.375
					],
					"texture": "#7"
				}
			}
		}
	],
	"display": {
		"head": {
			"rotation": [
				0,
				180,
				0
			]
		}
	}
}