{
	"credit": "Made with Blockbench",
	"texture_size": [32, 32],
	"textures": {
		"1": "animated_java:item/florinus/star"
	},
	"elements": [
		{
			"from": [7.5, 4, 4.5],
			"to": [7.75, 4.25, 7.75],
			"faces": {
				"north": {"uv": [9.5, 11.5, 9.75, 11.75], "texture": "#1"},
				"east": {"uv": [5.5, 0, 8.75, 0.25], "texture": "#1"},
				"south": {"uv": [11.5, 9.5, 11.75, 9.75], "texture": "#1"},
				"west": {"uv": [5.5, 0.5, 8.75, 0.75], "texture": "#1"},
				"up": {"uv": [4.25, 9.25, 4, 6], "texture": "#1"},
				"down": {"uv": [6.25, 4, 6, 7.25], "texture": "#1"}
			}
		},
		{
			"from": [7.25, 4, 5],
			"to": [7.5, 4.25, 10.25],
			"faces": {
				"north": {"uv": [10, 11.5, 10.25, 11.75], "texture": "#1"},
				"east": {"uv": [0, 0, 5.25, 0.25], "texture": "#1"},
				"south": {"uv": [10.5, 11.5, 10.75, 11.75], "texture": "#1"},
				"west": {"uv": [0, 0.5, 5.25, 0.75], "texture": "#1"},
				"up": {"uv": [0.25, 6.25, 0, 1], "texture": "#1"},
				"down": {"uv": [0.75, 1, 0.5, 6.25], "texture": "#1"}
			}
		},
		{
			"from": [7, 4, 5.75],
			"to": [7.25, 4.25, 9.75],
			"faces": {
				"north": {"uv": [11.5, 10.5, 11.75, 10.75], "texture": "#1"},
				"east": {"uv": [2, 2, 6, 2.25], "texture": "#1"},
				"south": {"uv": [11, 11.5, 11.25, 11.75], "texture": "#1"},
				"west": {"uv": [2, 2.5, 6, 2.75], "texture": "#1"},
				"up": {"uv": [2.25, 7, 2, 3], "texture": "#1"},
				"down": {"uv": [2.75, 3, 2.5, 7], "texture": "#1"}
			}
		},
		{
			"from": [6.75, 4, 6.5],
			"to": [7, 4.25, 9.25],
			"faces": {
				"north": {"uv": [11.5, 11, 11.75, 11.25], "texture": "#1"},
				"east": {"uv": [7, 3, 9.75, 3.25], "texture": "#1"},
				"south": {"uv": [11.5, 11.5, 11.75, 11.75], "texture": "#1"},
				"west": {"uv": [7, 3.5, 9.75, 3.75], "texture": "#1"},
				"up": {"uv": [2.25, 9.75, 2, 7], "texture": "#1"},
				"down": {"uv": [2.75, 7, 2.5, 9.75], "texture": "#1"}
			}
		},
		{
			"from": [6.5, 4, 7],
			"to": [6.75, 4.25, 9.25],
			"faces": {
				"north": {"uv": [0, 12, 0.25, 12.25], "texture": "#1"},
				"east": {"uv": [9.5, 1, 11.75, 1.25], "texture": "#1"},
				"south": {"uv": [12, 0, 12.25, 0.25], "texture": "#1"},
				"west": {"uv": [9.5, 1.5, 11.75, 1.75], "texture": "#1"},
				"up": {"uv": [0.75, 11.75, 0.5, 9.5], "texture": "#1"},
				"down": {"uv": [4.25, 9.5, 4, 11.75], "texture": "#1"}
			}
		},
		{
			"from": [6.25, 4, 7],
			"to": [6.5, 4.25, 9],
			"faces": {
				"north": {"uv": [0.5, 12, 0.75, 12.25], "texture": "#1"},
				"east": {"uv": [9.5, 4, 11.5, 4.25], "texture": "#1"},
				"south": {"uv": [12, 0.5, 12.25, 0.75], "texture": "#1"},
				"west": {"uv": [9.5, 4.5, 11.5, 4.75], "texture": "#1"},
				"up": {"uv": [6.75, 11.5, 6.5, 9.5], "texture": "#1"},
				"down": {"uv": [7.75, 9.5, 7.5, 11.5], "texture": "#1"}
			}
		},
		{
			"from": [5.75, 4, 7.25],
			"to": [6.25, 4.25, 9],
			"faces": {
				"north": {"uv": [1, 11.5, 1.5, 11.75], "texture": "#1"},
				"east": {"uv": [10, 3, 11.75, 3.25], "texture": "#1"},
				"south": {"uv": [1.5, 11.5, 2, 11.75], "texture": "#1"},
				"west": {"uv": [10, 3.5, 11.75, 3.75], "texture": "#1"},
				"up": {"uv": [4.5, 5.75, 4, 4], "texture": "#1"},
				"down": {"uv": [5, 4, 4.5, 5.75], "texture": "#1"}
			}
		},
		{
			"from": [5.25, 4, 7.5],
			"to": [5.75, 4.25, 8.75],
			"faces": {
				"north": {"uv": [11.5, 4, 12, 4.25], "texture": "#1"},
				"east": {"uv": [9.5, 10, 10.75, 10.25], "texture": "#1"},
				"south": {"uv": [11.5, 4.5, 12, 4.75], "texture": "#1"},
				"west": {"uv": [10.5, 6, 11.75, 6.25], "texture": "#1"},
				"up": {"uv": [7, 9.25, 6.5, 8], "texture": "#1"},
				"down": {"uv": [8, 8, 7.5, 9.25], "texture": "#1"}
			}
		},
		{
			"from": [5, 4, 7.75],
			"to": [5.25, 4.25, 8.75],
			"faces": {
				"north": {"uv": [1, 12, 1.25, 12.25], "texture": "#1"},
				"east": {"uv": [1, 10.5, 2, 10.75], "texture": "#1"},
				"south": {"uv": [12, 1, 12.25, 1.25], "texture": "#1"},
				"west": {"uv": [10.5, 7.5, 11.5, 7.75], "texture": "#1"},
				"up": {"uv": [6.25, 11.5, 6, 10.5], "texture": "#1"},
				"down": {"uv": [8.25, 10.5, 8, 11.5], "texture": "#1"}
			}
		},
		{
			"from": [4.75, 4, 7.75],
			"to": [5, 4.25, 8.5],
			"faces": {
				"north": {"uv": [1.5, 12, 1.75, 12.25], "texture": "#1"},
				"east": {"uv": [10, 10.5, 10.75, 10.75], "texture": "#1"},
				"south": {"uv": [12, 1.5, 12.25, 1.75], "texture": "#1"},
				"west": {"uv": [1, 11, 1.75, 11.25], "texture": "#1"},
				"up": {"uv": [3.25, 11.75, 3, 11], "texture": "#1"},
				"down": {"uv": [3.75, 11, 3.5, 11.75], "texture": "#1"}
			}
		},
		{
			"from": [4.5, 4, 8],
			"to": [4.75, 4.25, 8.5],
			"faces": {
				"north": {"uv": [2, 12, 2.25, 12.25], "texture": "#1"},
				"east": {"uv": [5.5, 11.5, 6, 11.75], "texture": "#1"},
				"south": {"uv": [12, 2, 12.25, 2.25], "texture": "#1"},
				"west": {"uv": [6, 11.5, 6.5, 11.75], "texture": "#1"},
				"up": {"uv": [6.75, 12, 6.5, 11.5], "texture": "#1"},
				"down": {"uv": [7.25, 11.5, 7, 12], "texture": "#1"}
			}
		},
		{
			"from": [7.75, 4, 4.5],
			"to": [8, 4.25, 7.5],
			"faces": {
				"north": {"uv": [2.5, 12, 2.75, 12.25], "texture": "#1"},
				"east": {"uv": [6.5, 1, 9.5, 1.25], "texture": "#1"},
				"south": {"uv": [12, 2.5, 12.25, 2.75], "texture": "#1"},
				"west": {"uv": [6.5, 1.5, 9.5, 1.75], "texture": "#1"},
				"up": {"uv": [5.75, 9, 5.5, 6], "texture": "#1"},
				"down": {"uv": [0.25, 6.5, 0, 9.5], "texture": "#1"}
			}
		},
		{
			"from": [8, 4, 4.75],
			"to": [8.25, 4.25, 7.5],
			"faces": {
				"north": {"uv": [3, 12, 3.25, 12.25], "texture": "#1"},
				"east": {"uv": [7, 5, 9.75, 5.25], "texture": "#1"},
				"south": {"uv": [12, 3, 12.25, 3.25], "texture": "#1"},
				"west": {"uv": [7, 5.5, 9.75, 5.75], "texture": "#1"},
				"up": {"uv": [7.25, 8.75, 7, 6], "texture": "#1"},
				"down": {"uv": [1.25, 7.5, 1, 10.25], "texture": "#1"}
			}
		},
		{
			"from": [8.5, 4, 5.75],
			"to": [8.75, 4.25, 11],
			"faces": {
				"north": {"uv": [3.5, 12, 3.75, 12.25], "texture": "#1"},
				"east": {"uv": [1, 1, 6.25, 1.25], "texture": "#1"},
				"south": {"uv": [12, 3.5, 12.25, 3.75], "texture": "#1"},
				"west": {"uv": [1, 1.5, 6.25, 1.75], "texture": "#1"},
				"up": {"uv": [1.25, 7.25, 1, 2], "texture": "#1"},
				"down": {"uv": [1.75, 2, 1.5, 7.25], "texture": "#1"}
			}
		},
		{
			"from": [8.25, 4, 5.25],
			"to": [8.5, 4.25, 7.75],
			"faces": {
				"north": {"uv": [4, 12, 4.25, 12.25], "texture": "#1"},
				"east": {"uv": [8, 8, 10.5, 8.25], "texture": "#1"},
				"south": {"uv": [12, 4, 12.25, 4.25], "texture": "#1"},
				"west": {"uv": [8, 8.5, 10.5, 8.75], "texture": "#1"},
				"up": {"uv": [5.75, 11.5, 5.5, 9], "texture": "#1"},
				"down": {"uv": [7.25, 9, 7, 11.5], "texture": "#1"}
			}
		},
		{
			"from": [8.75, 4, 6.25],
			"to": [9, 4.25, 10.25],
			"faces": {
				"north": {"uv": [4.5, 12, 4.75, 12.25], "texture": "#1"},
				"east": {"uv": [3, 3, 7, 3.25], "texture": "#1"},
				"south": {"uv": [12, 4.5, 12.25, 4.75], "texture": "#1"},
				"west": {"uv": [3, 3.5, 7, 3.75], "texture": "#1"},
				"up": {"uv": [3.25, 8, 3, 4], "texture": "#1"},
				"down": {"uv": [3.75, 4, 3.5, 8], "texture": "#1"}
			}
		},
		{
			"from": [9, 4, 6.75],
			"to": [9.25, 4.25, 9.5],
			"faces": {
				"north": {"uv": [5, 12, 5.25, 12.25], "texture": "#1"},
				"east": {"uv": [7.5, 6, 10.25, 6.25], "texture": "#1"},
				"south": {"uv": [12, 5, 12.25, 5.25], "texture": "#1"},
				"west": {"uv": [7.5, 6.5, 10.25, 6.75], "texture": "#1"},
				"up": {"uv": [1.75, 10.25, 1.5, 7.5], "texture": "#1"},
				"down": {"uv": [6.25, 7.5, 6, 10.25], "texture": "#1"}
			}
		},
		{
			"from": [9.25, 4, 6.75],
			"to": [9.5, 4.25, 9],
			"faces": {
				"north": {"uv": [5.5, 12, 5.75, 12.25], "texture": "#1"},
				"east": {"uv": [9.5, 2, 11.75, 2.25], "texture": "#1"},
				"south": {"uv": [12, 5.5, 12.25, 5.75], "texture": "#1"},
				"west": {"uv": [9.5, 2.5, 11.75, 2.75], "texture": "#1"},
				"up": {"uv": [4.75, 11.75, 4.5, 9.5], "texture": "#1"},
				"down": {"uv": [5.25, 9.5, 5, 11.75], "texture": "#1"}
			}
		},
		{
			"from": [9.5, 4, 7],
			"to": [9.75, 4.25, 9],
			"faces": {
				"north": {"uv": [6, 12, 6.25, 12.25], "texture": "#1"},
				"east": {"uv": [9.5, 9, 11.5, 9.25], "texture": "#1"},
				"south": {"uv": [12, 6, 12.25, 6.25], "texture": "#1"},
				"west": {"uv": [9.5, 9.5, 11.5, 9.75], "texture": "#1"},
				"up": {"uv": [2.25, 12, 2, 10], "texture": "#1"},
				"down": {"uv": [2.75, 10, 2.5, 12], "texture": "#1"}
			}
		},
		{
			"from": [9.75, 4, 7],
			"to": [10.25, 4.25, 8.75],
			"faces": {
				"north": {"uv": [7.5, 11.5, 8, 11.75], "texture": "#1"},
				"east": {"uv": [10, 5, 11.75, 5.25], "texture": "#1"},
				"south": {"uv": [11.5, 7.5, 12, 7.75], "texture": "#1"},
				"west": {"uv": [10, 5.5, 11.75, 5.75], "texture": "#1"},
				"up": {"uv": [5.5, 5.75, 5, 4], "texture": "#1"},
				"down": {"uv": [6, 4, 5.5, 5.75], "texture": "#1"}
			}
		},
		{
			"from": [10.25, 4, 7.25],
			"to": [10.75, 4.25, 8.5],
			"faces": {
				"north": {"uv": [8, 11.5, 8.5, 11.75], "texture": "#1"},
				"east": {"uv": [10.5, 6.5, 11.75, 6.75], "texture": "#1"},
				"south": {"uv": [11.5, 8, 12, 8.25], "texture": "#1"},
				"west": {"uv": [10.5, 7, 11.75, 7.25], "texture": "#1"},
				"up": {"uv": [8.5, 10.25, 8, 9], "texture": "#1"},
				"down": {"uv": [9, 9, 8.5, 10.25], "texture": "#1"}
			}
		},
		{
			"from": [10.75, 4, 7.25],
			"to": [11, 4.25, 8.25],
			"faces": {
				"north": {"uv": [6.5, 12, 6.75, 12.25], "texture": "#1"},
				"east": {"uv": [10.5, 8, 11.5, 8.25], "texture": "#1"},
				"south": {"uv": [12, 6.5, 12.25, 6.75], "texture": "#1"},
				"west": {"uv": [10.5, 8.5, 11.5, 8.75], "texture": "#1"},
				"up": {"uv": [8.75, 11.5, 8.5, 10.5], "texture": "#1"},
				"down": {"uv": [9.75, 10.5, 9.5, 11.5], "texture": "#1"}
			}
		},
		{
			"from": [11, 4, 7.5],
			"to": [11.25, 4.25, 8.25],
			"faces": {
				"north": {"uv": [7, 12, 7.25, 12.25], "texture": "#1"},
				"east": {"uv": [10, 11, 10.75, 11.25], "texture": "#1"},
				"south": {"uv": [12, 7, 12.25, 7.25], "texture": "#1"},
				"west": {"uv": [11, 10, 11.75, 10.25], "texture": "#1"},
				"up": {"uv": [11.25, 11.25, 11, 10.5], "texture": "#1"},
				"down": {"uv": [11.75, 0, 11.5, 0.75], "texture": "#1"}
			}
		},
		{
			"from": [11.25, 4, 7.5],
			"to": [11.5, 4.25, 8],
			"faces": {
				"north": {"uv": [7.5, 12, 7.75, 12.25], "texture": "#1"},
				"east": {"uv": [8.5, 11.5, 9, 11.75], "texture": "#1"},
				"south": {"uv": [12, 7.5, 12.25, 7.75], "texture": "#1"},
				"west": {"uv": [11.5, 8.5, 12, 8.75], "texture": "#1"},
				"up": {"uv": [9.25, 12, 9, 11.5], "texture": "#1"},
				"down": {"uv": [11.75, 9, 11.5, 9.5], "texture": "#1"}
			}
		},
		{
			"from": [7.75, 4, 8.5],
			"to": [8, 4.25, 11.25],
			"faces": {
				"north": {"uv": [8, 12, 8.25, 12.25], "texture": "#1"},
				"east": {"uv": [7.5, 7, 10.25, 7.25], "texture": "#1"},
				"south": {"uv": [12, 8, 12.25, 8.25], "texture": "#1"},
				"west": {"uv": [7.5, 7.5, 10.25, 7.75], "texture": "#1"},
				"up": {"uv": [3.25, 10.75, 3, 8], "texture": "#1"},
				"down": {"uv": [3.75, 8, 3.5, 10.75], "texture": "#1"}
			}
		},
		{
			"from": [8, 4, 8.5],
			"to": [8.25, 4.25, 11.5],
			"faces": {
				"north": {"uv": [8.5, 12, 8.75, 12.25], "texture": "#1"},
				"east": {"uv": [6.5, 4, 9.5, 4.25], "texture": "#1"},
				"south": {"uv": [12, 8.5, 12.25, 8.75], "texture": "#1"},
				"west": {"uv": [6.5, 4.5, 9.5, 4.75], "texture": "#1"},
				"up": {"uv": [0.75, 9.5, 0.5, 6.5], "texture": "#1"},
				"down": {"uv": [6.75, 5, 6.5, 8], "texture": "#1"}
			}
		},
		{
			"from": [8.25, 4, 8.25],
			"to": [8.5, 4.25, 11.5],
			"faces": {
				"north": {"uv": [9, 12, 9.25, 12.25], "texture": "#1"},
				"east": {"uv": [6, 2, 9.25, 2.25], "texture": "#1"},
				"south": {"uv": [12, 9, 12.25, 9.25], "texture": "#1"},
				"west": {"uv": [6, 2.5, 9.25, 2.75], "texture": "#1"},
				"up": {"uv": [4.75, 9.25, 4.5, 6], "texture": "#1"},
				"down": {"uv": [5.25, 6, 5, 9.25], "texture": "#1"}
			}
		},
		{
			"from": [7.5, 4, 8.25],
			"to": [7.75, 4.25, 10.75],
			"faces": {
				"north": {"uv": [9.5, 12, 9.75, 12.25], "texture": "#1"},
				"east": {"uv": [9, 0, 11.5, 0.25], "texture": "#1"},
				"south": {"uv": [12, 9.5, 12.25, 9.75], "texture": "#1"},
				"west": {"uv": [9, 0.5, 11.5, 0.75], "texture": "#1"},
				"up": {"uv": [9.25, 11.5, 9, 9], "texture": "#1"},
				"down": {"uv": [0.25, 9.5, 0, 12], "texture": "#1"}
			}
		}
	],
	"gui_light": "front",
	"display": {
		"thirdperson_righthand": {
			"rotation": [88, 0, 0],
			"translation": [-0.25, 0.25, 4.25]
		},
		"thirdperson_lefthand": {
			"rotation": [88, 0, 0],
			"translation": [0, 0.25, 4.5]
		},
		"firstperson_righthand": {
			"translation": [0, 4.5, 0]
		},
		"firstperson_lefthand": {
			"translation": [0, 4.25, 0]
		},
		"ground": {
			"translation": [0, 6.25, 0]
		},
		"gui": {
			"rotation": [90, 90, 0],
			"scale": [2, 2, 2]
		}
	},
	"groups": [
		{
			"name": "group",
			"origin": [0, 0, 0],
			"color": 0,
			"nbt": "{}",
			"children": [0, 1, 2, 3, 4, 5, 6, 7, 8, 9, 10, 11, 12, 13, 14, 15, 16, 17, 18, 19, 20, 21, 22, 23, 24, 25, 26, 27]
		}
	]
}