{
	"credit": "Made with Blockbench",
	"textures": {
		"0": "animated_java:item/nereus/nugs",
		"particle": "animated_java:item/nereus/nugs"
	},
	"elements": [
		{
			"from": [7.53635, 7, 6.49853],
			"to": [9.13635, 9, 8.29853],
			"rotation": {"angle": 22.5, "axis": "y", "origin": [8, 8, 8]},
			"faces": {
				"north": {"uv": [0, 0, 4, 4], "texture": "#0"},
				"east": {"uv": [0, 4, 4, 8], "texture": "#0"},
				"south": {"uv": [3, 0, 7, 4], "texture": "#0"},
				"west": {"uv": [3, 4, 7, 8], "texture": "#0"},
				"up": {"uv": [0, 4, 4, 8], "rotation": 180, "texture": "#0"},
				"down": {"uv": [1, 2, 5, 6], "rotation": 180, "texture": "#0"}
			}
		}
	],
	"display": {
		"thirdperson_righthand": {
			"translation": [0, 0, 0.25]
		},
		"thirdperson_lefthand": {
			"translation": [0, 0, 0.25]
		},
		"gui": {
			"rotation": [27, 9, 0],
			"translation": [0.25, -0.5, 0],
			"scale": [2, 2, 2]
		}
	}
}