{
	"credit": "Made with Blockbench",
	"texture_size": [32, 32],
	"textures": {
		"0": "animated_java:item/vantera/texture",
		"particle": "animated_java:item/vantera/texture"
	},
	"elements": [
		{
			"from": [7.55567, 7, 5.59213],
			"to": [8.29271, 7.73704, 10.19863],
			"rotation": {"angle": 0, "axis": "y", "origin": [7.90845, 10.1343, 7.80325]},
			"faces": {
				"north": {"uv": [11.5, 4, 12, 4.5], "texture": "#0"},
				"east": {"uv": [9.5, 7.5, 12, 8], "texture": "#0"},
				"south": {"uv": [11, 5, 11.5, 5.5], "texture": "#0"},
				"west": {"uv": [9.5, 7, 12, 7.5], "texture": "#0"},
				"up": {"uv": [12, 8.5, 9.5, 8], "rotation": 270, "texture": "#0"},
				"down": {"uv": [12, 8.5, 9.5, 9], "rotation": 90, "texture": "#0"}
			}
		},
		{
			"from": [6.53993, 10, 5.50043],
			"to": [7.27697, 10.73704, 10.10693],
			"rotation": {"angle": 0, "axis": "x", "origin": [7.90845, 10.1343, 7.80325]},
			"faces": {
				"north": {"uv": [3, 12, 2.5, 11.5], "rotation": 270, "texture": "#0"},
				"east": {"uv": [9, 5, 9.5, 7.5], "rotation": 90, "texture": "#0"},
				"south": {"uv": [11.5, 6, 11, 6.5], "rotation": 270, "texture": "#0"},
				"west": {"uv": [7.5, 9, 8, 11.5], "rotation": 270, "texture": "#0"},
				"up": {"uv": [6, 9, 6.5, 11.5], "texture": "#0"},
				"down": {"uv": [9, 7.5, 9.5, 10], "rotation": 180, "texture": "#0"}
			}
		},
		{
			"from": [9.00058, 8.61026, 5.62823],
			"to": [9.73762, 9.3473, 10.23473],
			"rotation": {"angle": 0, "axis": "x", "origin": [7.90845, 10.1343, 7.80325]},
			"faces": {
				"north": {"uv": [11.5, 3.5, 12, 4], "texture": "#0"},
				"east": {"uv": [9.5, 5.5, 12, 6], "texture": "#0"},
				"south": {"uv": [11, 5, 11.5, 5.5], "texture": "#0"},
				"west": {"uv": [9.5, 5, 12, 5.5], "texture": "#0"},
				"up": {"uv": [12, 6.5, 9.5, 6], "rotation": 270, "texture": "#0"},
				"down": {"uv": [12, 6.5, 9.5, 7], "rotation": 90, "texture": "#0"}
			}
		}
	],
	"display": {
		"thirdperson_righthand": {
			"rotation": [52.87, -74.88, 30.66],
			"translation": [-0.25, -1, 2]
		},
		"thirdperson_lefthand": {
			"rotation": [-146.13, 72.14, 176.68],
			"translation": [0.25, -1, 1.5]
		},
		"firstperson_righthand": {
			"rotation": [11.65, -58.78, -0.4],
			"translation": [-1, -0.5, -1],
			"scale": [0.8, 0.8, 0.8]
		},
		"firstperson_lefthand": {
			"rotation": [162.94, 69.16, -174.42],
			"translation": [1.75, -0.5, -0.25],
			"scale": [0.8, 0.8, 0.8]
		},
		"gui": {
			"rotation": [0, 0, -41.5],
			"translation": [-3, -2.5, 0],
			"scale": [0.8, 0.8, 0.8]
		},
		"head": {
			"rotation": [-32.25, -82.5, 0],
			"translation": [10, -19.25, -6.75]
		},
		"fixed": {
			"rotation": [0, 0, -42.25],
			"translation": [-3.5, -2.75, 0]
		}
	}
}