{
	"credit": "Made with Blockbench",
	"texture_size": [32, 32],
	"textures": {
		"0": "animated_java:item/vantera/texture",
		"particle": "animated_java:item/vantera/texture"
	},
	"elements": [
		{
			"from": [5.69733, 16.39914, 7.61899],
			"to": [10.30383, 17.13618, 8.35603],
			"rotation": {"angle": 0, "axis": "y", "origin": [7.90845, 10.1343, 7.80325]},
			"faces": {
				"north": {"uv": [9.5, 7.5, 12, 8], "texture": "#0"},
				"east": {"uv": [4.5, 11.5, 5, 12], "texture": "#0"},
				"south": {"uv": [9.5, 7, 12, 7.5], "texture": "#0"},
				"west": {"uv": [11.5, 4, 12, 4.5], "texture": "#0"},
				"up": {"uv": [12, 8.5, 9.5, 8], "rotation": 180, "texture": "#0"},
				"down": {"uv": [12, 8.5, 9.5, 9], "rotation": 180, "texture": "#0"}
			}
		},
		{
			"from": [2.93343, 18.61026, 6.97408],
			"to": [7.53993, 19.3473, 7.71112],
			"rotation": {"angle": -22.5, "axis": "z", "origin": [7.90845, 10.1343, 7.80325]},
			"faces": {
				"north": {"uv": [9.5, 5.5, 12, 6], "texture": "#0"},
				"east": {"uv": [4, 11.5, 4.5, 12], "texture": "#0"},
				"south": {"uv": [9.5, 5, 12, 5.5], "texture": "#0"},
				"west": {"uv": [11.5, 3.5, 12, 4], "texture": "#0"},
				"up": {"uv": [12, 6.5, 9.5, 6], "rotation": 180, "texture": "#0"},
				"down": {"uv": [12, 6.5, 9.5, 7], "rotation": 180, "texture": "#0"}
			}
		},
		{
			"from": [17.30571, 16.03062, 7.43473],
			"to": [18.04275, 20.63712, 8.17177],
			"rotation": {"angle": 45, "axis": "z", "origin": [7.90845, 10.1343, 7.80325]},
			"faces": {
				"north": {"uv": [7.5, 9, 8, 11.5], "texture": "#0"},
				"east": {"uv": [9, 7.5, 9.5, 10], "texture": "#0"},
				"south": {"uv": [9, 5, 9.5, 7.5], "texture": "#0"},
				"west": {"uv": [6, 9, 6.5, 11.5], "texture": "#0"},
				"up": {"uv": [3, 12, 2.5, 11.5], "rotation": 180, "texture": "#0"},
				"down": {"uv": [3.5, 11.5, 3, 12], "rotation": 180, "texture": "#0"}
			}
		},
		{
			"from": [10.34199, 13.26672, 6.12256],
			"to": [11.26329, 15.38571, 9.53137],
			"rotation": {"angle": -22.5, "axis": "z", "origin": [10.89477, 15.10932, 9.25498]},
			"faces": {
				"north": {"uv": [8, 11, 8.5, 12], "texture": "#0"},
				"east": {"uv": [4.5, 9, 6, 10], "texture": "#0"},
				"south": {"uv": [5, 11, 5.5, 12], "texture": "#0"},
				"west": {"uv": [9, 4, 10.5, 5], "texture": "#0"},
				"up": {"uv": [1, 12.5, 0.5, 11], "rotation": 180, "texture": "#0"},
				"down": {"uv": [1.5, 11, 1, 12.5], "rotation": 180, "texture": "#0"}
			}
		},
		{
			"from": [9.75105, 23.40102, 5.68426],
			"to": [10.76448, 24.32232, 10.01437],
			"rotation": {"angle": 0, "axis": "y", "origin": [7.90845, 10.1343, 7.80325]},
			"faces": {
				"north": {"uv": [2, 11.5, 2.5, 12], "texture": "#0"},
				"east": {"uv": [9, 10, 11, 10.5], "texture": "#0"},
				"south": {"uv": [1.5, 11.5, 2, 12], "texture": "#0"},
				"west": {"uv": [4, 10, 6, 10.5], "texture": "#0"},
				"up": {"uv": [8.5, 11, 8, 9], "rotation": 180, "texture": "#0"},
				"down": {"uv": [11, 3, 10.5, 5], "rotation": 180, "texture": "#0"}
			}
		},
		{
			"from": [12.69921, 15.1095, 5.96065],
			"to": [13.62051, 24.3225, 8.72455],
			"rotation": {"angle": 45, "axis": "y", "origin": [10.76448, 19.71582, 9.64585]},
			"faces": {
				"north": {"uv": [8.5, 7.5, 9, 12], "texture": "#0"},
				"east": {"uv": [0, 4.5, 1.5, 9], "texture": "#0"},
				"south": {"uv": [8.5, 3, 9, 7.5], "texture": "#0"},
				"west": {"uv": [3, 0, 4.5, 4.5], "texture": "#0"},
				"up": {"uv": [0.5, 12.5, 0, 11], "rotation": 180, "texture": "#0"},
				"down": {"uv": [11.5, 0, 11, 1.5], "rotation": 180, "texture": "#0"}
			}
		},
		{
			"from": [8.09271, 7.18614, 6.88195],
			"to": [9.93531, 16.39914, 8.72455],
			"rotation": {"angle": -22.5, "axis": "z", "origin": [7.90845, 10.1343, 7.80325]},
			"faces": {
				"north": {"uv": [2.5, 4.5, 3.5, 9], "texture": "#0"},
				"east": {"uv": [3.5, 4.5, 4.5, 9], "texture": "#0"},
				"south": {"uv": [4.5, 0, 5.5, 4.5], "texture": "#0"},
				"west": {"uv": [1.5, 4.5, 2.5, 9], "texture": "#0"},
				"up": {"uv": [11, 2, 10, 1], "rotation": 180, "texture": "#0"},
				"down": {"uv": [3, 10, 2, 11], "rotation": 180, "texture": "#0"}
			}
		},
		{
			"from": [10.30383, 15.1094, 6.78195],
			"to": [12.14643, 24.3224, 8.82455],
			"rotation": {"angle": 0, "axis": "y", "origin": [7.90845, 10.1343, 7.80325]},
			"faces": {
				"north": {"uv": [5.5, 4.5, 6.5, 9], "texture": "#0"},
				"east": {"uv": [6.5, 0, 7.5, 4.5], "texture": "#0"},
				"south": {"uv": [4.5, 4.5, 5.5, 9], "texture": "#0"},
				"west": {"uv": [5.5, 0, 6.5, 4.5], "texture": "#0"},
				"up": {"uv": [11, 3, 10, 2], "rotation": 180, "texture": "#0"},
				"down": {"uv": [4, 10, 3, 11], "rotation": 180, "texture": "#0"}
			}
		},
		{
			"from": [10.11957, 15.1095, 7.89538],
			"to": [11.04087, 24.3225, 10.65928],
			"rotation": {"angle": -45, "axis": "y", "origin": [10.76448, 19.71582, 9.64585]},
			"faces": {
				"north": {"uv": [7, 7.5, 7.5, 12], "texture": "#0"},
				"east": {"uv": [1.5, 0, 3, 4.5], "texture": "#0"},
				"south": {"uv": [6.5, 7.5, 7, 12], "texture": "#0"},
				"west": {"uv": [0, 0, 1.5, 4.5], "texture": "#0"},
				"up": {"uv": [6, 12, 5.5, 10.5], "rotation": 180, "texture": "#0"},
				"down": {"uv": [11, 10.5, 10.5, 12], "rotation": 180, "texture": "#0"}
			}
		},
		{
			"from": [6.98715, 1.8426, 6.88195],
			"to": [8.82975, 7.3704, 8.72455],
			"rotation": {"angle": 0, "axis": "y", "origin": [-2.6865, 0, 0.8935]},
			"faces": {
				"north": {"uv": [7.5, 3, 8.5, 6], "texture": "#0"},
				"east": {"uv": [7.5, 6, 8.5, 9], "texture": "#0"},
				"south": {"uv": [6.5, 4.5, 7.5, 7.5], "texture": "#0"},
				"west": {"uv": [7.5, 0, 8.5, 3], "texture": "#0"},
				"up": {"uv": [11, 1, 10, 0], "rotation": 180, "texture": "#0"},
				"down": {"uv": [2, 10, 1, 11], "rotation": 180, "texture": "#0"}
			}
		},
		{
			"name": "1",
			"from": [6.5265, 0, 6.4213],
			"to": [9.2904, 1.8426, 9.1852],
			"rotation": {"angle": 0, "axis": "y", "origin": [-2.6865, 0, 0.8935]},
			"faces": {
				"north": {"uv": [3, 9, 4.5, 10], "texture": "#0"},
				"east": {"uv": [9, 3, 10.5, 4], "texture": "#0"},
				"south": {"uv": [0, 9, 1.5, 10], "texture": "#0"},
				"west": {"uv": [1.5, 9, 3, 10], "texture": "#0"},
				"up": {"uv": [10, 1.5, 8.5, 0], "rotation": 180, "texture": "#0"},
				"down": {"uv": [10, 1.5, 8.5, 3], "rotation": 180, "texture": "#0"}
			}
		},
		{
			"from": [6.5265, 1.8, 8.2213],
			"to": [9.2904, 2.8426, 9.1852],
			"rotation": {"angle": 0, "axis": "y", "origin": [-2.6865, 0, 0.8935]},
			"faces": {
				"north": {"uv": [9, 10.5, 10.5, 11], "texture": "#0"},
				"east": {"uv": [11.5, 0, 12, 0.5], "texture": "#0"},
				"south": {"uv": [4, 10.5, 5.5, 11], "texture": "#0"},
				"west": {"uv": [11, 11, 11.5, 11.5], "texture": "#0"},
				"up": {"uv": [12, 9.5, 10.5, 9], "rotation": 180, "texture": "#0"},
				"down": {"uv": [12, 9.5, 10.5, 10], "rotation": 180, "texture": "#0"}
			}
		},
		{
			"from": [7.6265, 2.8, 8.2213],
			"to": [9.2904, 3.8426, 9.1852],
			"rotation": {"angle": 0, "axis": "y", "origin": [-2.6865, 0, 0.8935]},
			"faces": {
				"north": {"uv": [11, 4.5, 12, 5], "texture": "#0"},
				"east": {"uv": [11.5, 1, 12, 1.5], "texture": "#0"},
				"south": {"uv": [4, 11, 5, 11.5], "texture": "#0"},
				"west": {"uv": [11.5, 0.5, 12, 1], "texture": "#0"},
				"up": {"uv": [10, 11.5, 9, 11], "rotation": 180, "texture": "#0"},
				"down": {"uv": [12, 10, 11, 10.5], "rotation": 180, "texture": "#0"}
			}
		},
		{
			"from": [6.5265, 1.8, 6.4213],
			"to": [8.1904, 2.2426, 8.2852],
			"rotation": {"angle": 0, "axis": "y", "origin": [-2.6865, 0, 0.8935]},
			"faces": {
				"north": {"uv": [11, 2, 12, 2.5], "texture": "#0"},
				"east": {"uv": [2.5, 11, 3.5, 11.5], "texture": "#0"},
				"south": {"uv": [1.5, 11, 2.5, 11.5], "texture": "#0"},
				"west": {"uv": [11, 1.5, 12, 2], "texture": "#0"},
				"up": {"uv": [10.5, 10, 9.5, 9], "rotation": 180, "texture": "#0"},
				"down": {"uv": [1, 10, 0, 11], "rotation": 180, "texture": "#0"}
			}
		},
		{
			"from": [8.1265, 1.8, 6.4213],
			"to": [9.2904, 2.9426, 8.2852],
			"rotation": {"angle": 0, "axis": "y", "origin": [-2.6865, 0, 0.8935]},
			"faces": {
				"north": {"uv": [11, 10.5, 11.5, 11], "texture": "#0"},
				"east": {"uv": [11, 3, 12, 3.5], "texture": "#0"},
				"south": {"uv": [10, 11, 10.5, 11.5], "texture": "#0"},
				"west": {"uv": [11, 2.5, 12, 3], "texture": "#0"},
				"up": {"uv": [4, 12, 3.5, 11], "rotation": 180, "texture": "#0"},
				"down": {"uv": [11.5, 3.5, 11, 4.5], "rotation": 180, "texture": "#0"}
			}
		}
	],
	"display": {
		"thirdperson_righthand": {
			"rotation": [52.87, -74.88, 30.66],
			"translation": [-0.25, -1, 2]
		},
		"thirdperson_lefthand": {
			"rotation": [-146.13, 72.14, 176.68],
			"translation": [0.25, -1, 1.5]
		},
		"firstperson_righthand": {
			"rotation": [11.65, -58.78, -0.4],
			"translation": [-1, -0.5, -1],
			"scale": [0.8, 0.8, 0.8]
		},
		"firstperson_lefthand": {
			"rotation": [162.94, 69.16, -174.42],
			"translation": [1.75, -0.5, -0.25],
			"scale": [0.8, 0.8, 0.8]
		},
		"gui": {
			"rotation": [0, 0, -41.5],
			"translation": [-3, -2.5, 0],
			"scale": [0.7, 0.7, 0.7]
		},
		"head": {
			"rotation": [-32.25, -82.5, 0],
			"translation": [10, -19.25, -6.75]
		},
		"fixed": {
			"rotation": [0, 0, -42.25],
			"translation": [-3.5, -2.75, 0]
		}
	}
}