{
  "pools": [
    {
      "rolls": 1,
      "entries": [
        {
          "type": "minecraft:item",
          "name": "minecraft:pumpkin_seeds",
          "functions": [
            {
              "function": "minecraft:set_count",
              "count": {
                "min": 5,
                "max": 10
              }
            },
            {
              "function": "minecraft:set_nbt",
              "tag": "{display:{Name:'{\"text\":\"Florinus Seeds\",\"color\":\"green\"}',Lore:['{\"keybind\":\"key.use\",\"color\":\"red\"}','{\"text\":\"On Farmland to Plant\",\"color\":\"red\"}','{\"text\":\"Grows Only in Dark\",\"color\":\"aqua\"}']},CustomModelData:2,data:{om_harvest:1b,om_item:\"florinus_seeds\"}}"
            }
          ]
        },
        {
          "type": "minecraft:item",
          "name": "minecraft:pumpkin_seeds",
          "functions": [
            {
              "function": "minecraft:set_count",
              "count": {
                "min": 5,
                "max": 10
              }
            },
            {
              "function": "minecraft:set_nbt",
              "tag": "{display:{Name:'{\"text\":\"Nereus Seeds\",\"color\":\"green\"}',Lore:['{\"keybind\":\"key.use\",\"color\":\"red\"}','{\"text\":\"On Farmland to Plant\",\"color\":\"red\"}','{\"text\":\"Grows Only in Dark\",\"color\":\"aqua\"}']},CustomModelData:3,data:{om_harvest:1b,om_item:\"nereus_seeds\"}}"
            }
          ]
        },
        {
          "type": "minecraft:item",
          "name": "minecraft:pumpkin_seeds",
          "functions": [
            {
              "function": "minecraft:set_count",
              "count": {
                "min": 5,
                "max": 10
              }
            },
            {
              "function": "minecraft:set_nbt",
              "tag": "{display:{Name:'{\"text\":\"Vantera Seeds\",\"color\":\"green\"}',Lore:['{\"keybind\":\"key.use\",\"color\":\"red\"}','{\"text\":\"On Farmland to Plant\",\"color\":\"red\"}','{\"text\":\"Grows Only in Dark\",\"color\":\"aqua\"}']},CustomModelData:1,data:{om_harvest:1b,om_item:\"vantera_seeds\"}}"
            }
          ]
        }
      ]
    },
    {
      "rolls": 1,
      "bonus_rolls": {
        "min": 1,
        "max": 3
      },
      "entries": [
        {
          "type": "minecraft:item",
          "name": "minecraft:bone_meal",
          "functions": [
            {
              "function": "minecraft:set_count",
              "count": {
                "min": 5,
                "max": 15
              }
            },
            {
              "function": "minecraft:set_nbt",
              "tag": "{display:{Name:'{\"text\":\"Lugos Powder\",\"color\":\"green\"}',Lore:['{\"keybind\":\"key.use\",\"color\":\"red\"}','{\"text\":\"On Plants For\",\"color\":\"red\"}','{\"text\":\"Growth Boost\",\"color\":\"red\"}']},CustomModelData:1,data:{om_harvest:1b,om_item:\"lugos_powder\"}}"
            }
          ]
        }
      ]
    },
    {
      "rolls": 1,
      "entries": [
        {
          "type": "minecraft:item",
          "weight": 30,
          "name": "minecraft:cookie",
          "functions": [
            {
              "function": "minecraft:set_count",
              "count": {
                "min": 0,
                "max": 1
              }
            },
            {
              "function": "minecraft:set_nbt",
              "tag": "{display:{Name:'{\"text\":\"Florinus Leaf\",\"color\":\"green\"}',Lore:['{\"keybind\":\"key.use\",\"color\":\"red\"}','{\"text\":\"To Eat\",\"color\":\"red\"}','{\"text\":\"Gives Speed + Health\",\"color\":\"aqua\"}']},CustomModelData:2,data:{om_harvest:1b,om_item:\"florinus_leaf\"}}"
            }
          ]
        },
        {
          "type": "minecraft:item",
          "weight": 30,
          "name": "minecraft:milk_bucket",
          "functions": [
            {
              "function": "minecraft:set_count",
              "count": {
                "min": 0,
                "max": 1
              }
            },
            {
              "function": "minecraft:set_nbt",
              "tag": "{display:{Name:'{\"text\":\"Nereus Lac\",\"color\":\"green\"}',Lore:['{\"keybind\":\"key.use\",\"color\":\"red\"}','{\"text\":\"To Drink\",\"color\":\"red\"}','{\"text\":\"Gives Night Vision + Jump Boost\",\"color\":\"aqua\"}']},CustomModelData:1,data:{om_harvest:1b,om_item:\"nereus_lac\"}}"
            }
          ]
        },
        {
          "type": "minecraft:item",
          "weight": 30,
          "name": "minecraft:cookie",
          "functions": [
            {
              "function": "minecraft:set_count",
              "count": {
                "min": 0,
                "max": 1
              }
            },
            {
              "function": "minecraft:set_nbt",
              "tag": "{display:{Name:'{\"text\":\"Vantera Flesh\",\"color\":\"green\"}',Lore:['{\"keybind\":\"key.use\",\"color\":\"red\"}','{\"text\":\"To Eat\",\"color\":\"red\"}','{\"text\":\"Sour at First\",\"color\":\"aqua\"}','{\"text\":\"But Vitality in the End\",\"color\":\"aqua\"}']},CustomModelData:1,data:{om_harvest:1b,om_item:\"vantera_flesh\"}}"
            }
          ]
        },
        {
          "type": "minecraft:item",
          "weight": 3,
          "name": "minecraft:warped_fungus_on_a_stick",
          "functions": [
            {
              "function": "minecraft:set_count",
              "count": 1
            },
            {
              "function": "minecraft:set_nbt",
              "tag": "{display:{Name:'{\"text\":\"Florinus Star\",\"color\":\"light_purple\"}',Lore:['{\"keybind\":\"key.use\",\"color\":\"red\"}','{\"text\":\"To Throw\",\"color\":\"red\"}']},CustomModelData:3,data:{om_harvest:1b,om_item:\"florinus_hook\"},AttributeModifiers:[{AttributeName:\"generic.attack_damage\",Amount:3,Name:\"generic.attack_damage\",UUID:[I;-124112,14554,204745,-29108]}],HideFlags:2}"
            }
          ]
        },
        {
          "type": "minecraft:item",
          "weight": 3,
          "name": "minecraft:warped_fungus_on_a_stick",
          "functions": [
            {
              "function": "minecraft:set_count",
              "count": 1
            },
            {
              "function": "minecraft:set_nbt",
              "tag": "{display:{Name:'{\"text\":\"Nereus Bulb\",\"color\":\"light_purple\"}',Lore:['{\"keybind\":\"key.use\",\"color\":\"red\"}','{\"text\":\"To Throw\",\"color\":\"red\"}']},CustomModelData:4,data:{om_harvest:1b,om_item:\"nereus_bulb\"},AttributeModifiers:[{AttributeName:\"generic.attack_damage\",Amount:2,Name:\"generic.attack_damage\",UUID:[I;-124112,14554,204745,-29109]}],HideFlags:2}"
            }
          ]
        },
        {
          "type": "minecraft:item",
          "weight": 4,
          "name": "minecraft:warped_fungus_on_a_stick",
          "functions": [
            {
              "function": "minecraft:set_count",
              "count": 1
            },
            {
              "function": "minecraft:set_nbt",
              "tag": "{display:{Name:'{\"text\":\"Vantera Staff\",\"color\":\"light_purple\"}',Lore:['{\"keybind\":\"key.use\",\"color\":\"red\"}','{\"text\":\"To Launch Thorns\",\"color\":\"red\"}','{\"keybind\":\"key.attack\",\"color\":\"aqua\"}','{\"text\":\"To Attack\",\"color\":\"aqua\"}']},CustomModelData:1,data:{om_harvest:1b,om_item:\"vantera_staff\"},AttributeModifiers:[{AttributeName:\"generic.attack_damage\",Amount:4,Name:\"generic.attack_damage\",UUID:[I;-124112,14554,204745,-29107]}],Enchantments:[{id:\"minecraft:knockback\",lvl:1},{id:\"minecraft:piercing\",lvl:1},{id:\"minecraft:sharpness\",lvl:1},{id:\"minecraft:thorns\",lvl:3}],HideFlags:2}"
            }
          ]
        }
      ]
    }
  ]
}