{
    "criteria": {
        "requirement": {
            "trigger": "minecraft:player_hurt_entity",
            "conditions": {
                "player": [
                    {
                        "condition": "minecraft:entity_properties",
                        "entity": "this",
                        "predicate": {
                            "equipment": {
                                "mainhand": {
                                    "nbt": "{data:{om_item:\"vantera_staff\"}}"
                                }
                            }
                        }
                    }
                ],
                "entity": [
                    {
                        "condition": "minecraft:inverted",
                        "term": {
                            "condition": "minecraft:entity_properties",
                            "entity": "this",
                            "predicate": {
                                "type": "minecraft:interaction"
                            }
                        }
                    }
                ]
            }
        }
    },
    "rewards": {
        "function": "om_harvest:player/weapon/vantera/attack"
    }
}