{
	"textures": {
		"7": "animated_java:item/florinus/blank_leaves"
	},
	"elements": [
		{
			"from": [
				8,
				8,
				6
			],
			"to": [
				9,
				12,
				10
			],
			"rotation": {
				"angle": -22.5,
				"axis": "z",
				"origin": [
					6,
					10,
					8
				]
			},
			"faces": {
				"north": {
					"uv": [
						1.25,
						7.5,
						1.375,
						8
					],
					"texture": "#7"
				},
				"east": {
					"uv": [
						0.75,
						1.5,
						1.25,
						2
					],
					"texture": "#7"
				},
				"south": {
					"uv": [
						7.5,
						1.25,
						7.625,
						1.75
					],
					"texture": "#7"
				},
				"west": {
					"uv": [
						1.5,
						0.75,
						2,
						1.25
					],
					"texture": "#7"
				},
				"up": {
					"uv": [
						1.875,
						8,
						1.75,
						7.5
					],
					"texture": "#7"
				},
				"down": {
					"uv": [
						4.375,
						7.5,
						4.25,
						8
					],
					"texture": "#7"
				}
			}
		},
		{
			"from": [
				8.67132,
				13.17332,
				6
			],
			"to": [
				9.67132,
				16.17332,
				10
			],
			"rotation": {
				"angle": -45,
				"axis": "z",
				"origin": [
					6,
					12.27686,
					8
				]
			},
			"faces": {
				"north": {
					"uv": [
						7.5,
						8,
						7.625,
						8.375
					],
					"texture": "#7"
				},
				"east": {
					"uv": [
						2.25,
						3,
						2.75,
						3.375
					],
					"texture": "#7"
				},
				"south": {
					"uv": [
						8,
						8,
						8.125,
						8.375
					],
					"texture": "#7"
				},
				"west": {
					"uv": [
						3,
						2.25,
						3.5,
						2.625
					],
					"texture": "#7"
				},
				"up": {
					"uv": [
						7.625,
						4.75,
						7.5,
						4.25
					],
					"texture": "#7"
				},
				"down": {
					"uv": [
						5.625,
						7.5,
						5.5,
						8
					],
					"texture": "#7"
				}
			}
		},
		{
			"from": [
				9.98388,
				10.466380000000001,
				6
			],
			"to": [
				12.98388,
				11.466380000000001,
				10
			],
			"rotation": {
				"angle": 22.5,
				"axis": "z",
				"origin": [
					6,
					13.85028,
					8
				]
			},
			"faces": {
				"north": {
					"uv": [
						8.25,
						0.5,
						8.625,
						0.625
					],
					"texture": "#7"
				},
				"east": {
					"uv": [
						6,
						7.5,
						6.5,
						7.625
					],
					"texture": "#7"
				},
				"south": {
					"uv": [
						1,
						8.25,
						1.375,
						8.375
					],
					"texture": "#7"
				},
				"west": {
					"uv": [
						7.75,
						2,
						8.25,
						2.125
					],
					"texture": "#7"
				},
				"up": {
					"uv": [
						3.375,
						3.5,
						3,
						3
					],
					"texture": "#7"
				},
				"down": {
					"uv": [
						0.375,
						3.75,
						0,
						4.25
					],
					"texture": "#7"
				}
			}
		}
	],
	"display": {
		"head": {
			"rotation": [
				0,
				180,
				0
			]
		}
	}
}