{
	"textures": {
		"7": "animated_java:item/florinus/blank_leaves"
	},
	"elements": [
		{
			"from": [
				8.2,
				7.5,
				6.8
			],
			"to": [
				8.8,
				10.9,
				9.2
			],
			"rotation": {
				"angle": -22.5,
				"axis": "z",
				"origin": [
					7,
					9.7,
					8
				]
			},
			"faces": {
				"north": {
					"uv": [
						6.75,
						8.5,
						6.8125,
						8.9375
					],
					"texture": "#7"
				},
				"east": {
					"uv": [
						2.25,
						4.5,
						2.5625,
						4.9375
					],
					"texture": "#7"
				},
				"south": {
					"uv": [
						8.5,
						7,
						8.5625,
						7.4375
					],
					"texture": "#7"
				},
				"west": {
					"uv": [
						4.5,
						2.25,
						4.8125,
						2.6875
					],
					"texture": "#7"
				},
				"up": {
					"uv": [
						10.0625,
						3.0625,
						10,
						2.75
					],
					"texture": "#7"
				},
				"down": {
					"uv": [
						10.0625,
						3.5,
						10,
						3.8125
					],
					"texture": "#7"
				}
			}
		},
		{
			"from": [
				9.39032,
				9.97982,
				6.8
			],
			"to": [
				11.19032,
				10.57982,
				9.2
			],
			"rotation": {
				"angle": 22.5,
				"axis": "z",
				"origin": [
					7,
					12.010159999999999,
					8
				]
			},
			"faces": {
				"north": {
					"uv": [
						5.25,
						10.5,
						5.5,
						10.5625
					],
					"texture": "#7"
				},
				"east": {
					"uv": [
						10,
						1.75,
						10.3125,
						1.8125
					],
					"texture": "#7"
				},
				"south": {
					"uv": [
						5.75,
						10.5,
						6,
						10.5625
					],
					"texture": "#7"
				},
				"west": {
					"uv": [
						5.5,
						10,
						5.8125,
						10.0625
					],
					"texture": "#7"
				},
				"up": {
					"uv": [
						6,
						0.3125,
						5.75,
						0
					],
					"texture": "#7"
				},
				"down": {
					"uv": [
						6,
						0.75,
						5.75,
						1.0625
					],
					"texture": "#7"
				}
			}
		},
		{
			"from": [
				8.6028,
				11.604,
				6.8
			],
			"to": [
				9.2028,
				13.404,
				9.2
			],
			"rotation": {
				"angle": -45,
				"axis": "z",
				"origin": [
					7,
					11.06612,
					8
				]
			},
			"faces": {
				"north": {
					"uv": [
						0,
						10.75,
						0.0625,
						11
					],
					"texture": "#7"
				},
				"east": {
					"uv": [
						2.25,
						5.75,
						2.5625,
						6
					],
					"texture": "#7"
				},
				"south": {
					"uv": [
						10.75,
						0,
						10.8125,
						0.25
					],
					"texture": "#7"
				},
				"west": {
					"uv": [
						3,
						5.75,
						3.3125,
						6
					],
					"texture": "#7"
				},
				"up": {
					"uv": [
						6.3125,
						10.3125,
						6.25,
						10
					],
					"texture": "#7"
				},
				"down": {
					"uv": [
						6.8125,
						10,
						6.75,
						10.3125
					],
					"texture": "#7"
				}
			}
		}
	],
	"display": {
		"head": {
			"rotation": [
				0,
				180,
				0
			]
		}
	}
}