{
	"textures": {
		"6": "animated_java:item/florinus/blank_hook"
	},
	"elements": [
		{
			"from": [
				7.78,
				9.614,
				7.802
			],
			"to": [
				9.18,
				10.014,
				8.198
			],
			"rotation": {
				"angle": -45,
				"axis": "z",
				"origin": [
					8.6,
					10.3,
					8
				]
			},
			"faces": {
				"north": {
					"uv": [
						2,
						12,
						2.75,
						12.25
					],
					"texture": "#6"
				},
				"east": {
					"uv": [
						13,
						14,
						13.25,
						14.25
					],
					"texture": "#6"
				},
				"south": {
					"uv": [
						12,
						2,
						12.75,
						2.25
					],
					"texture": "#6"
				},
				"west": {
					"uv": [
						14,
						13,
						14.25,
						13.25
					],
					"texture": "#6"
				},
				"up": {
					"uv": [
						3.75,
						12.25,
						3,
						12
					],
					"texture": "#6"
				},
				"down": {
					"uv": [
						12.75,
						3,
						12,
						3.25
					],
					"texture": "#6"
				}
			}
		},
		{
			"from": [
				8.4,
				8.5,
				7.8
			],
			"to": [
				8.8,
				9.7,
				8.2
			],
			"rotation": {
				"angle": 0,
				"axis": "y",
				"origin": [
					8,
					8,
					9.4
				]
			},
			"faces": {
				"north": {
					"uv": [
						13,
						5,
						13.25,
						5.5
					],
					"texture": "#6"
				},
				"east": {
					"uv": [
						6,
						13,
						6.25,
						13.5
					],
					"texture": "#6"
				},
				"south": {
					"uv": [
						13,
						6,
						13.25,
						6.5
					],
					"texture": "#6"
				},
				"west": {
					"uv": [
						7,
						13,
						7.25,
						13.5
					],
					"texture": "#6"
				},
				"up": {
					"uv": [
						14.25,
						14.25,
						14,
						14
					],
					"texture": "#6"
				},
				"down": {
					"uv": [
						0.25,
						15,
						0,
						15.25
					],
					"texture": "#6"
				}
			}
		},
		{
			"from": [
				7.8,
				7.699999999999999,
				7.8
			],
			"to": [
				8.2,
				8.899999999999999,
				8.2
			],
			"rotation": {
				"angle": -45,
				"axis": "z",
				"origin": [
					8,
					8,
					9.4
				]
			},
			"faces": {
				"north": {
					"uv": [
						13,
						7,
						13.25,
						7.5
					],
					"texture": "#6"
				},
				"east": {
					"uv": [
						8,
						13,
						8.25,
						13.5
					],
					"texture": "#6"
				},
				"south": {
					"uv": [
						13,
						8,
						13.25,
						8.5
					],
					"texture": "#6"
				},
				"west": {
					"uv": [
						9,
						13,
						9.25,
						13.5
					],
					"texture": "#6"
				},
				"up": {
					"uv": [
						15.25,
						0.25,
						15,
						0
					],
					"texture": "#6"
				},
				"down": {
					"uv": [
						1.25,
						15,
						1,
						15.25
					],
					"texture": "#6"
				}
			}
		}
	],
	"display": {
		"head": {
			"rotation": [
				0,
				180,
				0
			]
		}
	}
}