{
	"textures": {
		"6": "animated_java:item/florinus/blank_hook"
	},
	"elements": [
		{
			"from": [
				6.82,
				9.614,
				7.802
			],
			"to": [
				8.22,
				10.014,
				8.198
			],
			"rotation": {
				"angle": 45,
				"axis": "z",
				"origin": [
					7.4,
					10.3,
					8
				]
			},
			"faces": {
				"north": {
					"uv": [
						0,
						12,
						0.75,
						12.25
					],
					"texture": "#6"
				},
				"east": {
					"uv": [
						10,
						14,
						10.25,
						14.25
					],
					"texture": "#6"
				},
				"south": {
					"uv": [
						12,
						0,
						12.75,
						0.25
					],
					"texture": "#6"
				},
				"west": {
					"uv": [
						14,
						10,
						14.25,
						10.25
					],
					"texture": "#6"
				},
				"up": {
					"uv": [
						1.75,
						12.25,
						1,
						12
					],
					"texture": "#6"
				},
				"down": {
					"uv": [
						12.75,
						1,
						12,
						1.25
					],
					"texture": "#6"
				}
			}
		},
		{
			"from": [
				7.199999999999999,
				8.5,
				7.8
			],
			"to": [
				7.6,
				9.7,
				8.2
			],
			"rotation": {
				"angle": 0,
				"axis": "y",
				"origin": [
					8,
					8,
					6.6
				]
			},
			"faces": {
				"north": {
					"uv": [
						13,
						1,
						13.25,
						1.5
					],
					"texture": "#6"
				},
				"east": {
					"uv": [
						2,
						13,
						2.25,
						13.5
					],
					"texture": "#6"
				},
				"south": {
					"uv": [
						13,
						2,
						13.25,
						2.5
					],
					"texture": "#6"
				},
				"west": {
					"uv": [
						3,
						13,
						3.25,
						13.5
					],
					"texture": "#6"
				},
				"up": {
					"uv": [
						11.25,
						14.25,
						11,
						14
					],
					"texture": "#6"
				},
				"down": {
					"uv": [
						14.25,
						11,
						14,
						11.25
					],
					"texture": "#6"
				}
			}
		},
		{
			"from": [
				7.8,
				7.699999999999999,
				7.8
			],
			"to": [
				8.2,
				8.899999999999999,
				8.2
			],
			"rotation": {
				"angle": 45,
				"axis": "z",
				"origin": [
					8,
					8,
					6.6
				]
			},
			"faces": {
				"north": {
					"uv": [
						13,
						3,
						13.25,
						3.5
					],
					"texture": "#6"
				},
				"east": {
					"uv": [
						4,
						13,
						4.25,
						13.5
					],
					"texture": "#6"
				},
				"south": {
					"uv": [
						13,
						4,
						13.25,
						4.5
					],
					"texture": "#6"
				},
				"west": {
					"uv": [
						5,
						13,
						5.25,
						13.5
					],
					"texture": "#6"
				},
				"up": {
					"uv": [
						12.25,
						14.25,
						12,
						14
					],
					"texture": "#6"
				},
				"down": {
					"uv": [
						14.25,
						12,
						14,
						12.25
					],
					"texture": "#6"
				}
			}
		}
	],
	"display": {
		"head": {
			"rotation": [
				0,
				180,
				0
			]
		}
	}
}