{
	"textures": {
		"6": "animated_java:item/florinus/blank_hook"
	},
	"elements": [
		{
			"from": [
				7.802,
				9.614,
				7.78
			],
			"to": [
				8.198,
				10.014,
				9.18
			],
			"rotation": {
				"angle": 45,
				"axis": "x",
				"origin": [
					8,
					10.3,
					8.6
				]
			},
			"faces": {
				"north": {
					"uv": [
						7,
						14,
						7.25,
						14.25
					],
					"texture": "#6"
				},
				"east": {
					"uv": [
						11,
						9,
						11.75,
						9.25
					],
					"texture": "#6"
				},
				"south": {
					"uv": [
						14,
						7,
						14.25,
						7.25
					],
					"texture": "#6"
				},
				"west": {
					"uv": [
						10,
						11,
						10.75,
						11.25
					],
					"texture": "#6"
				},
				"up": {
					"uv": [
						11.25,
						10.75,
						11,
						10
					],
					"texture": "#6"
				},
				"down": {
					"uv": [
						11.25,
						11,
						11,
						11.75
					],
					"texture": "#6"
				}
			}
		},
		{
			"from": [
				7.8,
				8.5,
				8.4
			],
			"to": [
				8.2,
				9.7,
				8.8
			],
			"rotation": {
				"angle": 0,
				"axis": "y",
				"origin": [
					6.6,
					8,
					8
				]
			},
			"faces": {
				"north": {
					"uv": [
						10,
						12,
						10.25,
						12.5
					],
					"texture": "#6"
				},
				"east": {
					"uv": [
						12,
						10,
						12.25,
						10.5
					],
					"texture": "#6"
				},
				"south": {
					"uv": [
						11,
						12,
						11.25,
						12.5
					],
					"texture": "#6"
				},
				"west": {
					"uv": [
						12,
						11,
						12.25,
						11.5
					],
					"texture": "#6"
				},
				"up": {
					"uv": [
						8.25,
						14.25,
						8,
						14
					],
					"texture": "#6"
				},
				"down": {
					"uv": [
						14.25,
						8,
						14,
						8.25
					],
					"texture": "#6"
				}
			}
		},
		{
			"from": [
				7.8,
				7.699999999999999,
				7.8
			],
			"to": [
				8.2,
				8.899999999999999,
				8.2
			],
			"rotation": {
				"angle": 45,
				"axis": "x",
				"origin": [
					6.6,
					8,
					8
				]
			},
			"faces": {
				"north": {
					"uv": [
						12,
						12,
						12.25,
						12.5
					],
					"texture": "#6"
				},
				"east": {
					"uv": [
						0,
						13,
						0.25,
						13.5
					],
					"texture": "#6"
				},
				"south": {
					"uv": [
						13,
						0,
						13.25,
						0.5
					],
					"texture": "#6"
				},
				"west": {
					"uv": [
						1,
						13,
						1.25,
						13.5
					],
					"texture": "#6"
				},
				"up": {
					"uv": [
						9.25,
						14.25,
						9,
						14
					],
					"texture": "#6"
				},
				"down": {
					"uv": [
						14.25,
						9,
						14,
						9.25
					],
					"texture": "#6"
				}
			}
		}
	],
	"display": {
		"head": {
			"rotation": [
				0,
				180,
				0
			]
		}
	}
}