{
	"textures": {
		"6": "animated_java:item/florinus/blank_hook"
	},
	"elements": [
		{
			"from": [
				7.802,
				9.614,
				6.82
			],
			"to": [
				8.198,
				10.014,
				8.22
			],
			"rotation": {
				"angle": -45,
				"axis": "x",
				"origin": [
					8,
					10.3,
					7.4
				]
			},
			"faces": {
				"north": {
					"uv": [
						4,
						14,
						4.25,
						14.25
					],
					"texture": "#6"
				},
				"east": {
					"uv": [
						11,
						7,
						11.75,
						7.25
					],
					"texture": "#6"
				},
				"south": {
					"uv": [
						14,
						4,
						14.25,
						4.25
					],
					"texture": "#6"
				},
				"west": {
					"uv": [
						8,
						11,
						8.75,
						11.25
					],
					"texture": "#6"
				},
				"up": {
					"uv": [
						11.25,
						8.75,
						11,
						8
					],
					"texture": "#6"
				},
				"down": {
					"uv": [
						9.25,
						11,
						9,
						11.75
					],
					"texture": "#6"
				}
			}
		},
		{
			"from": [
				7.8,
				8.5,
				7.199999999999999
			],
			"to": [
				8.2,
				9.7,
				7.6
			],
			"rotation": {
				"angle": 0,
				"axis": "y",
				"origin": [
					9.4,
					8,
					8
				]
			},
			"faces": {
				"north": {
					"uv": [
						6,
						12,
						6.25,
						12.5
					],
					"texture": "#6"
				},
				"east": {
					"uv": [
						12,
						6,
						12.25,
						6.5
					],
					"texture": "#6"
				},
				"south": {
					"uv": [
						7,
						12,
						7.25,
						12.5
					],
					"texture": "#6"
				},
				"west": {
					"uv": [
						12,
						7,
						12.25,
						7.5
					],
					"texture": "#6"
				},
				"up": {
					"uv": [
						5.25,
						14.25,
						5,
						14
					],
					"texture": "#6"
				},
				"down": {
					"uv": [
						14.25,
						5,
						14,
						5.25
					],
					"texture": "#6"
				}
			}
		},
		{
			"from": [
				7.8,
				7.699999999999999,
				7.8
			],
			"to": [
				8.2,
				8.899999999999999,
				8.2
			],
			"rotation": {
				"angle": -45,
				"axis": "x",
				"origin": [
					9.4,
					8,
					8
				]
			},
			"faces": {
				"north": {
					"uv": [
						8,
						12,
						8.25,
						12.5
					],
					"texture": "#6"
				},
				"east": {
					"uv": [
						12,
						8,
						12.25,
						8.5
					],
					"texture": "#6"
				},
				"south": {
					"uv": [
						9,
						12,
						9.25,
						12.5
					],
					"texture": "#6"
				},
				"west": {
					"uv": [
						12,
						9,
						12.25,
						9.5
					],
					"texture": "#6"
				},
				"up": {
					"uv": [
						6.25,
						14.25,
						6,
						14
					],
					"texture": "#6"
				},
				"down": {
					"uv": [
						14.25,
						6,
						14,
						6.25
					],
					"texture": "#6"
				}
			}
		}
	],
	"display": {
		"head": {
			"rotation": [
				0,
				180,
				0
			]
		}
	}
}