{
	"textures": {
		"7": "animated_java:item/florinus/blank_leaves"
	},
	"elements": [
		{
			"from": [
				6.8,
				7.5,
				8.2
			],
			"to": [
				9.2,
				10.9,
				8.8
			],
			"rotation": {
				"angle": 22.5,
				"axis": "x",
				"origin": [
					8,
					9.7,
					7
				]
			},
			"faces": {
				"north": {
					"uv": [
						3.75,
						3.25,
						4.0625,
						3.6875
					],
					"texture": "#7"
				},
				"east": {
					"uv": [
						8.5,
						1.5,
						8.5625,
						1.9375
					],
					"texture": "#7"
				},
				"south": {
					"uv": [
						3.75,
						4,
						4.0625,
						4.4375
					],
					"texture": "#7"
				},
				"west": {
					"uv": [
						8.5,
						3,
						8.5625,
						3.4375
					],
					"texture": "#7"
				},
				"up": {
					"uv": [
						9.8125,
						5.3125,
						9.5,
						5.25
					],
					"texture": "#7"
				},
				"down": {
					"uv": [
						9.8125,
						5.75,
						9.5,
						5.8125
					],
					"texture": "#7"
				}
			}
		},
		{
			"from": [
				6.8,
				11.604,
				8.6028
			],
			"to": [
				9.2,
				13.404,
				9.2028
			],
			"rotation": {
				"angle": 45,
				"axis": "x",
				"origin": [
					8,
					11.06612,
					7
				]
			},
			"faces": {
				"north": {
					"uv": [
						5.25,
						2.5,
						5.5625,
						2.75
					],
					"texture": "#7"
				},
				"east": {
					"uv": [
						10.25,
						7.25,
						10.3125,
						7.5
					],
					"texture": "#7"
				},
				"south": {
					"uv": [
						3,
						5.25,
						3.3125,
						5.5
					],
					"texture": "#7"
				},
				"west": {
					"uv": [
						9.25,
						10.25,
						9.3125,
						10.5
					],
					"texture": "#7"
				},
				"up": {
					"uv": [
						9.8125,
						6.3125,
						9.5,
						6.25
					],
					"texture": "#7"
				},
				"down": {
					"uv": [
						9.8125,
						6.75,
						9.5,
						6.8125
					],
					"texture": "#7"
				}
			}
		},
		{
			"from": [
				6.8,
				9.97982,
				9.39032
			],
			"to": [
				9.2,
				10.57982,
				11.19032
			],
			"rotation": {
				"angle": -22.5,
				"axis": "x",
				"origin": [
					8,
					12.010159999999999,
					7
				]
			},
			"faces": {
				"north": {
					"uv": [
						7,
						9.5,
						7.3125,
						9.5625
					],
					"texture": "#7"
				},
				"east": {
					"uv": [
						10.25,
						9.25,
						10.5,
						9.3125
					],
					"texture": "#7"
				},
				"south": {
					"uv": [
						9.5,
						7.25,
						9.8125,
						7.3125
					],
					"texture": "#7"
				},
				"west": {
					"uv": [
						9.75,
						10.25,
						10,
						10.3125
					],
					"texture": "#7"
				},
				"up": {
					"uv": [
						5.5625,
						3.25,
						5.25,
						3
					],
					"texture": "#7"
				},
				"down": {
					"uv": [
						5.5625,
						3.5,
						5.25,
						3.75
					],
					"texture": "#7"
				}
			}
		}
	],
	"display": {
		"head": {
			"rotation": [
				0,
				180,
				0
			]
		}
	}
}