{
	"textures": {
		"7": "animated_java:item/florinus/blank_leaves"
	},
	"elements": [
		{
			"from": [
				6.8,
				7.48984,
				7.2
			],
			"to": [
				9.2,
				10.88984,
				7.8
			],
			"rotation": {
				"angle": -22.5,
				"axis": "x",
				"origin": [
					8,
					9.68984,
					9
				]
			},
			"faces": {
				"north": {
					"uv": [
						0,
						4.5,
						0.3125,
						4.9375
					],
					"texture": "#7"
				},
				"east": {
					"uv": [
						6.25,
						8.5,
						6.3125,
						8.9375
					],
					"texture": "#7"
				},
				"south": {
					"uv": [
						4.5,
						1.5,
						4.8125,
						1.9375
					],
					"texture": "#7"
				},
				"west": {
					"uv": [
						8.5,
						6.25,
						8.5625,
						6.6875
					],
					"texture": "#7"
				},
				"up": {
					"uv": [
						10.0625,
						2.3125,
						9.75,
						2.25
					],
					"texture": "#7"
				},
				"down": {
					"uv": [
						10.0625,
						4.5,
						9.75,
						4.5625
					],
					"texture": "#7"
				}
			}
		},
		{
			"from": [
				6.8,
				11.59384,
				6.7972
			],
			"to": [
				9.2,
				13.39384,
				7.3972
			],
			"rotation": {
				"angle": -45,
				"axis": "x",
				"origin": [
					8,
					11.055959999999999,
					9
				]
			},
			"faces": {
				"north": {
					"uv": [
						5,
						5.25,
						5.3125,
						5.5
					],
					"texture": "#7"
				},
				"east": {
					"uv": [
						10.5,
						2.75,
						10.5625,
						3
					],
					"texture": "#7"
				},
				"south": {
					"uv": [
						0.75,
						5.5,
						1.0625,
						5.75
					],
					"texture": "#7"
				},
				"west": {
					"uv": [
						10.5,
						3.25,
						10.5625,
						3.5
					],
					"texture": "#7"
				},
				"up": {
					"uv": [
						9.0625,
						9.8125,
						8.75,
						9.75
					],
					"texture": "#7"
				},
				"down": {
					"uv": [
						9.8125,
						9.75,
						9.5,
						9.8125
					],
					"texture": "#7"
				}
			}
		},
		{
			"from": [
				6.8,
				9.969660000000001,
				4.80968
			],
			"to": [
				9.2,
				10.569659999999999,
				6.60968
			],
			"rotation": {
				"angle": 22.5,
				"axis": "x",
				"origin": [
					8,
					12,
					9
				]
			},
			"faces": {
				"north": {
					"uv": [
						10,
						0,
						10.3125,
						0.0625
					],
					"texture": "#7"
				},
				"east": {
					"uv": [
						10.5,
						3.75,
						10.75,
						3.8125
					],
					"texture": "#7"
				},
				"south": {
					"uv": [
						10,
						1.25,
						10.3125,
						1.3125
					],
					"texture": "#7"
				},
				"west": {
					"uv": [
						10.5,
						4.25,
						10.75,
						4.3125
					],
					"texture": "#7"
				},
				"up": {
					"uv": [
						1.8125,
						5.75,
						1.5,
						5.5
					],
					"texture": "#7"
				},
				"down": {
					"uv": [
						0.3125,
						5.75,
						0,
						6
					],
					"texture": "#7"
				}
			}
		}
	],
	"display": {
		"head": {
			"rotation": [
				0,
				180,
				0
			]
		}
	}
}