{
	"textures": {
		"7": "animated_java:item/florinus/blank_leaves"
	},
	"elements": [
		{
			"from": [
				6,
				8,
				7
			],
			"to": [
				10,
				12,
				8
			],
			"rotation": {
				"angle": -22.5,
				"axis": "x",
				"origin": [
					8,
					10,
					10
				]
			},
			"faces": {
				"north": {
					"uv": [
						0,
						0,
						0.5,
						0.5
					],
					"texture": "#7"
				},
				"east": {
					"uv": [
						6.5,
						3,
						6.625,
						3.5
					],
					"texture": "#7"
				},
				"south": {
					"uv": [
						0,
						0.75,
						0.5,
						1.25
					],
					"texture": "#7"
				},
				"west": {
					"uv": [
						6.5,
						3.75,
						6.625,
						4.25
					],
					"texture": "#7"
				},
				"up": {
					"uv": [
						7,
						6.125,
						6.5,
						6
					],
					"texture": "#7"
				},
				"down": {
					"uv": [
						7,
						6.5,
						6.5,
						6.625
					],
					"texture": "#7"
				}
			}
		},
		{
			"from": [
				6,
				13.17332,
				6.32868
			],
			"to": [
				10,
				16.17332,
				7.32868
			],
			"rotation": {
				"angle": -45,
				"axis": "x",
				"origin": [
					8,
					12.27686,
					10
				]
			},
			"faces": {
				"north": {
					"uv": [
						2.25,
						0,
						2.75,
						0.375
					],
					"texture": "#7"
				},
				"east": {
					"uv": [
						7.75,
						5,
						7.875,
						5.375
					],
					"texture": "#7"
				},
				"south": {
					"uv": [
						0.75,
						2.25,
						1.25,
						2.625
					],
					"texture": "#7"
				},
				"west": {
					"uv": [
						7.75,
						5.75,
						7.875,
						6.125
					],
					"texture": "#7"
				},
				"up": {
					"uv": [
						7.25,
						0.125,
						6.75,
						0
					],
					"texture": "#7"
				},
				"down": {
					"uv": [
						7.25,
						0.5,
						6.75,
						0.625
					],
					"texture": "#7"
				}
			}
		},
		{
			"from": [
				6,
				10.466380000000001,
				3.016120000000001
			],
			"to": [
				10,
				11.466380000000001,
				6.01612
			],
			"rotation": {
				"angle": 22.5,
				"axis": "x",
				"origin": [
					8,
					13.85028,
					10
				]
			},
			"faces": {
				"north": {
					"uv": [
						6.75,
						1,
						7.25,
						1.125
					],
					"texture": "#7"
				},
				"east": {
					"uv": [
						7.75,
						6.5,
						8.125,
						6.625
					],
					"texture": "#7"
				},
				"south": {
					"uv": [
						6.75,
						4.5,
						7.25,
						4.625
					],
					"texture": "#7"
				},
				"west": {
					"uv": [
						7.75,
						7,
						8.125,
						7.125
					],
					"texture": "#7"
				},
				"up": {
					"uv": [
						2.75,
						1.125,
						2.25,
						0.75
					],
					"texture": "#7"
				},
				"down": {
					"uv": [
						2,
						2.25,
						1.5,
						2.625
					],
					"texture": "#7"
				}
			}
		}
	],
	"display": {
		"head": {
			"rotation": [
				0,
				180,
				0
			]
		}
	}
}