{
	"textures": {
		"7": "animated_java:item/florinus/blank_leaves"
	},
	"elements": [
		{
			"from": [
				6,
				10,
				6
			],
			"to": [
				10,
				10.4,
				10
			],
			"faces": {
				"north": {
					"uv": [
						5,
						8.25,
						5.5,
						8.3125
					],
					"texture": "#7"
				},
				"east": {
					"uv": [
						8.25,
						5.25,
						8.75,
						5.3125
					],
					"texture": "#7"
				},
				"south": {
					"uv": [
						8.25,
						5.75,
						8.75,
						5.8125
					],
					"texture": "#7"
				},
				"west": {
					"uv": [
						8.5,
						1,
						9,
						1.0625
					],
					"texture": "#7"
				},
				"up": {
					"uv": [
						2,
						2,
						1.5,
						1.5
					],
					"texture": "#7"
				},
				"down": {
					"uv": [
						0.5,
						2.25,
						0,
						2.75
					],
					"texture": "#7"
				}
			}
		},
		{
			"from": [
				6.2,
				7.4,
				6.2
			],
			"to": [
				9.8,
				7.8,
				9.8
			],
			"faces": {
				"north": {
					"uv": [
						5,
						8.25,
						5.5,
						8.3125
					],
					"rotation": 180,
					"texture": "#7"
				},
				"east": {
					"uv": [
						8.5,
						1,
						9,
						1.0625
					],
					"rotation": 180,
					"texture": "#7"
				},
				"south": {
					"uv": [
						8.25,
						5.75,
						8.75,
						5.8125
					],
					"rotation": 180,
					"texture": "#7"
				},
				"west": {
					"uv": [
						8.25,
						5.25,
						8.75,
						5.3125
					],
					"rotation": 180,
					"texture": "#7"
				},
				"up": {
					"uv": [
						0.5,
						2.25,
						0,
						2.75
					],
					"rotation": 180,
					"texture": "#7"
				},
				"down": {
					"uv": [
						2,
						2,
						1.5,
						1.5
					],
					"rotation": 180,
					"texture": "#7"
				}
			}
		}
	],
	"display": {
		"head": {
			"rotation": [
				0,
				180,
				0
			]
		}
	}
}