{
	"textures": {
		"7": "animated_java:item/florinus/blank_leaves"
	},
	"elements": [
		{
			"from": [
				6,
				8,
				8
			],
			"to": [
				10,
				12,
				9
			],
			"rotation": {
				"angle": 22.5,
				"axis": "x",
				"origin": [
					8,
					10,
					6
				]
			},
			"faces": {
				"north": {
					"uv": [
						0.75,
						0,
						1.25,
						0.5
					],
					"texture": "#7"
				},
				"east": {
					"uv": [
						6.75,
						5,
						6.875,
						5.5
					],
					"texture": "#7"
				},
				"south": {
					"uv": [
						0.75,
						0.75,
						1.25,
						1.25
					],
					"texture": "#7"
				},
				"west": {
					"uv": [
						7,
						1.5,
						7.125,
						2
					],
					"texture": "#7"
				},
				"up": {
					"uv": [
						7.5,
						2.375,
						7,
						2.25
					],
					"texture": "#7"
				},
				"down": {
					"uv": [
						7.5,
						2.75,
						7,
						2.875
					],
					"texture": "#7"
				}
			}
		},
		{
			"from": [
				6,
				10.466380000000001,
				9.98388
			],
			"to": [
				10,
				11.466380000000001,
				12.98388
			],
			"rotation": {
				"angle": -22.5,
				"axis": "x",
				"origin": [
					8,
					13.85028,
					6
				]
			},
			"faces": {
				"north": {
					"uv": [
						7,
						3.25,
						7.5,
						3.375
					],
					"texture": "#7"
				},
				"east": {
					"uv": [
						7.75,
						7.5,
						8.125,
						7.625
					],
					"texture": "#7"
				},
				"south": {
					"uv": [
						7,
						3.75,
						7.5,
						3.875
					],
					"texture": "#7"
				},
				"west": {
					"uv": [
						8,
						0,
						8.375,
						0.125
					],
					"texture": "#7"
				},
				"up": {
					"uv": [
						2.75,
						1.875,
						2.25,
						1.5
					],
					"texture": "#7"
				},
				"down": {
					"uv": [
						2.75,
						2.25,
						2.25,
						2.625
					],
					"texture": "#7"
				}
			}
		},
		{
			"from": [
				6,
				13.17332,
				8.67132
			],
			"to": [
				10,
				16.17332,
				9.67132
			],
			"rotation": {
				"angle": 45,
				"axis": "x",
				"origin": [
					8,
					12.27686,
					6
				]
			},
			"faces": {
				"north": {
					"uv": [
						0,
						3,
						0.5,
						3.375
					],
					"texture": "#7"
				},
				"east": {
					"uv": [
						0.5,
						8,
						0.625,
						8.375
					],
					"texture": "#7"
				},
				"south": {
					"uv": [
						3,
						0,
						3.5,
						0.375
					],
					"texture": "#7"
				},
				"west": {
					"uv": [
						8,
						1.25,
						8.125,
						1.625
					],
					"texture": "#7"
				},
				"up": {
					"uv": [
						7,
						7.125,
						6.5,
						7
					],
					"texture": "#7"
				},
				"down": {
					"uv": [
						5.25,
						7.25,
						4.75,
						7.375
					],
					"texture": "#7"
				}
			}
		}
	],
	"display": {
		"head": {
			"rotation": [
				0,
				180,
				0
			]
		}
	}
}