{
	"textures": {
		"8": "animated_java:item/florinus/blank_stem",
		"11": "animated_java:item/florinus/blank_star"
	},
	"elements": [
		{
			"from": [
				7.4,
				8,
				7.4
			],
			"to": [
				8.6,
				19.8,
				8.6
			],
			"faces": {
				"north": {
					"uv": [
						3.75,
						0,
						3.875,
						1.5
					],
					"texture": "#8"
				},
				"east": {
					"uv": [
						0.75,
						3.75,
						0.875,
						5.25
					],
					"texture": "#8"
				},
				"south": {
					"uv": [
						1.25,
						3.75,
						1.375,
						5.25
					],
					"texture": "#8"
				},
				"west": {
					"uv": [
						1.75,
						3.75,
						1.875,
						5.25
					],
					"texture": "#8"
				},
				"up": {
					"uv": [
						10.875,
						1.125,
						10.75,
						1
					],
					"texture": "#8"
				},
				"down": {
					"uv": [
						10.875,
						1.5,
						10.75,
						1.625
					],
					"texture": "#8"
				}
			}
		},
		{
			"from": [
				7.2,
				8,
				7.2
			],
			"to": [
				7.6,
				18,
				7.6
			],
			"faces": {
				"north": {
					"uv": [
						3.75,
						5.75,
						3.8125,
						7
					],
					"texture": "#8"
				},
				"east": {
					"uv": [
						5.75,
						4.5,
						5.8125,
						5.75
					],
					"texture": "#8"
				},
				"south": {
					"uv": [
						5,
						5.75,
						5.0625,
						7
					],
					"texture": "#8"
				},
				"west": {
					"uv": [
						0.75,
						6,
						0.8125,
						7.25
					],
					"texture": "#8"
				},
				"up": {
					"uv": [
						11.8125,
						1.5625,
						11.75,
						1.5
					],
					"texture": "#8"
				},
				"down": {
					"uv": [
						11.8125,
						4.5,
						11.75,
						4.5625
					],
					"texture": "#8"
				}
			}
		},
		{
			"from": [
				7.2,
				8,
				8.4
			],
			"to": [
				7.6,
				18,
				8.8
			],
			"faces": {
				"north": {
					"uv": [
						1.25,
						6,
						1.3125,
						7.25
					],
					"texture": "#8"
				},
				"east": {
					"uv": [
						6,
						1.5,
						6.0625,
						2.75
					],
					"texture": "#8"
				},
				"south": {
					"uv": [
						1.75,
						6,
						1.8125,
						7.25
					],
					"texture": "#8"
				},
				"west": {
					"uv": [
						6,
						3,
						6.0625,
						4.25
					],
					"texture": "#8"
				},
				"up": {
					"uv": [
						11.8125,
						5.0625,
						11.75,
						5
					],
					"texture": "#8"
				},
				"down": {
					"uv": [
						11.8125,
						5.5,
						11.75,
						5.5625
					],
					"texture": "#8"
				}
			}
		},
		{
			"from": [
				8.4,
				8,
				8.4
			],
			"to": [
				8.8,
				18,
				8.8
			],
			"faces": {
				"north": {
					"uv": [
						4.25,
						6,
						4.3125,
						7.25
					],
					"texture": "#8"
				},
				"east": {
					"uv": [
						5.5,
						6,
						5.5625,
						7.25
					],
					"texture": "#8"
				},
				"south": {
					"uv": [
						6,
						6,
						6.0625,
						7.25
					],
					"texture": "#8"
				},
				"west": {
					"uv": [
						0,
						6.25,
						0.0625,
						7.5
					],
					"texture": "#8"
				},
				"up": {
					"uv": [
						6.0625,
						11.8125,
						6,
						11.75
					],
					"texture": "#8"
				},
				"down": {
					"uv": [
						11.8125,
						6,
						11.75,
						6.0625
					],
					"texture": "#8"
				}
			}
		},
		{
			"from": [
				8.4,
				8,
				7.2
			],
			"to": [
				8.8,
				18,
				7.6
			],
			"faces": {
				"north": {
					"uv": [
						6.25,
						0,
						6.3125,
						1.25
					],
					"texture": "#8"
				},
				"east": {
					"uv": [
						2.25,
						6.25,
						2.3125,
						7.5
					],
					"texture": "#8"
				},
				"south": {
					"uv": [
						2.75,
						6.25,
						2.8125,
						7.5
					],
					"texture": "#8"
				},
				"west": {
					"uv": [
						3.25,
						6.25,
						3.3125,
						7.5
					],
					"texture": "#8"
				},
				"up": {
					"uv": [
						6.5625,
						11.8125,
						6.5,
						11.75
					],
					"texture": "#8"
				},
				"down": {
					"uv": [
						11.8125,
						6.5,
						11.75,
						6.5625
					],
					"texture": "#8"
				}
			}
		},
		{
			"from": [
				4.4,
				14.6,
				7.202
			],
			"to": [
				4.8,
				17.8,
				7.602
			],
			"rotation": {
				"angle": -22.5,
				"axis": "z",
				"origin": [
					8,
					8,
					8
				]
			},
			"faces": {
				"north": {
					"uv": [
						8.5,
						7.75,
						8.5625,
						8.125
					],
					"texture": "#8"
				},
				"east": {
					"uv": [
						8.5,
						8.5,
						8.5625,
						8.875
					],
					"texture": "#8"
				},
				"south": {
					"uv": [
						0,
						8.75,
						0.0625,
						9.125
					],
					"texture": "#8"
				},
				"west": {
					"uv": [
						0.5,
						8.75,
						0.5625,
						9.125
					],
					"texture": "#8"
				},
				"up": {
					"uv": [
						7.0625,
						11.8125,
						7,
						11.75
					],
					"texture": "#8"
				},
				"down": {
					"uv": [
						11.8125,
						7,
						11.75,
						7.0625
					],
					"texture": "#8"
				}
			}
		},
		{
			"from": [
				5.6,
				11.8,
				7.202
			],
			"to": [
				6,
				14.8,
				7.602
			],
			"rotation": {
				"angle": -22.5,
				"axis": "z",
				"origin": [
					8,
					8,
					8
				]
			},
			"faces": {
				"north": {
					"uv": [
						1,
						8.75,
						1.0625,
						9.125
					],
					"texture": "#8"
				},
				"east": {
					"uv": [
						1.5,
						8.75,
						1.5625,
						9.125
					],
					"texture": "#8"
				},
				"south": {
					"uv": [
						2,
						8.75,
						2.0625,
						9.125
					],
					"texture": "#8"
				},
				"west": {
					"uv": [
						8.75,
						2.25,
						8.8125,
						2.625
					],
					"texture": "#8"
				},
				"up": {
					"uv": [
						11.8125,
						7.5625,
						11.75,
						7.5
					],
					"texture": "#8"
				},
				"down": {
					"uv": [
						8.0625,
						11.75,
						8,
						11.8125
					],
					"texture": "#8"
				}
			}
		},
		{
			"from": [
				6.8,
				8.8,
				7.202
			],
			"to": [
				7.2,
				12,
				7.602
			],
			"rotation": {
				"angle": -22.5,
				"axis": "z",
				"origin": [
					8,
					8,
					8
				]
			},
			"faces": {
				"north": {
					"uv": [
						2.5,
						8.75,
						2.5625,
						9.125
					],
					"texture": "#8"
				},
				"east": {
					"uv": [
						3,
						8.75,
						3.0625,
						9.125
					],
					"texture": "#8"
				},
				"south": {
					"uv": [
						3.5,
						8.75,
						3.5625,
						9.125
					],
					"texture": "#8"
				},
				"west": {
					"uv": [
						4,
						8.75,
						4.0625,
						9.125
					],
					"texture": "#8"
				},
				"up": {
					"uv": [
						11.8125,
						8.0625,
						11.75,
						8
					],
					"texture": "#8"
				},
				"down": {
					"uv": [
						11.8125,
						8.5,
						11.75,
						8.5625
					],
					"texture": "#8"
				}
			}
		},
		{
			"from": [
				8.398,
				8.8,
				6.8
			],
			"to": [
				8.798,
				12,
				7.2
			],
			"rotation": {
				"angle": 22.5,
				"axis": "x",
				"origin": [
					8,
					8,
					8
				]
			},
			"faces": {
				"north": {
					"uv": [
						4.5,
						8.75,
						4.5625,
						9.125
					],
					"texture": "#8"
				},
				"east": {
					"uv": [
						8.75,
						4.5,
						8.8125,
						4.875
					],
					"texture": "#8"
				},
				"south": {
					"uv": [
						5,
						8.75,
						5.0625,
						9.125
					],
					"texture": "#8"
				},
				"west": {
					"uv": [
						7.25,
						8.75,
						7.3125,
						9.125
					],
					"texture": "#8"
				},
				"up": {
					"uv": [
						11.8125,
						9.0625,
						11.75,
						9
					],
					"texture": "#8"
				},
				"down": {
					"uv": [
						9.3125,
						11.75,
						9.25,
						11.8125
					],
					"texture": "#8"
				}
			}
		},
		{
			"from": [
				8.398,
				11.8,
				5.6
			],
			"to": [
				8.798,
				14.8,
				6
			],
			"rotation": {
				"angle": 22.5,
				"axis": "x",
				"origin": [
					8,
					8,
					8
				]
			},
			"faces": {
				"north": {
					"uv": [
						7.75,
						8.75,
						7.8125,
						9.125
					],
					"texture": "#8"
				},
				"east": {
					"uv": [
						9,
						0,
						9.0625,
						0.375
					],
					"texture": "#8"
				},
				"south": {
					"uv": [
						9,
						1.5,
						9.0625,
						1.875
					],
					"texture": "#8"
				},
				"west": {
					"uv": [
						9,
						3,
						9.0625,
						3.375
					],
					"texture": "#8"
				},
				"up": {
					"uv": [
						11.8125,
						9.5625,
						11.75,
						9.5
					],
					"texture": "#8"
				},
				"down": {
					"uv": [
						9.8125,
						11.75,
						9.75,
						11.8125
					],
					"texture": "#8"
				}
			}
		},
		{
			"from": [
				8.398,
				14.6,
				4.4
			],
			"to": [
				8.798,
				17.8,
				4.8
			],
			"rotation": {
				"angle": 22.5,
				"axis": "x",
				"origin": [
					8,
					8,
					8
				]
			},
			"faces": {
				"north": {
					"uv": [
						9,
						3.75,
						9.0625,
						4.125
					],
					"texture": "#8"
				},
				"east": {
					"uv": [
						9,
						5.25,
						9.0625,
						5.625
					],
					"texture": "#8"
				},
				"south": {
					"uv": [
						9,
						6,
						9.0625,
						6.375
					],
					"texture": "#8"
				},
				"west": {
					"uv": [
						9,
						6.75,
						9.0625,
						7.125
					],
					"texture": "#8"
				},
				"up": {
					"uv": [
						11.8125,
						10.0625,
						11.75,
						10
					],
					"texture": "#8"
				},
				"down": {
					"uv": [
						10.3125,
						11.75,
						10.25,
						11.8125
					],
					"texture": "#8"
				}
			}
		},
		{
			"from": [
				8.8,
				8.8,
				8.398
			],
			"to": [
				9.2,
				12,
				8.798
			],
			"rotation": {
				"angle": 22.5,
				"axis": "z",
				"origin": [
					8,
					8,
					8
				]
			},
			"faces": {
				"north": {
					"uv": [
						9,
						7.5,
						9.0625,
						7.875
					],
					"texture": "#8"
				},
				"east": {
					"uv": [
						9,
						8.25,
						9.0625,
						8.625
					],
					"texture": "#8"
				},
				"south": {
					"uv": [
						9,
						9,
						9.0625,
						9.375
					],
					"texture": "#8"
				},
				"west": {
					"uv": [
						9.25,
						0.75,
						9.3125,
						1.125
					],
					"texture": "#8"
				},
				"up": {
					"uv": [
						11.8125,
						10.5625,
						11.75,
						10.5
					],
					"texture": "#8"
				},
				"down": {
					"uv": [
						10.8125,
						11.75,
						10.75,
						11.8125
					],
					"texture": "#8"
				}
			}
		},
		{
			"from": [
				10,
				11.8,
				8.398
			],
			"to": [
				10.4,
				14.8,
				8.798
			],
			"rotation": {
				"angle": 22.5,
				"axis": "z",
				"origin": [
					8,
					8,
					8
				]
			},
			"faces": {
				"north": {
					"uv": [
						9.25,
						2.25,
						9.3125,
						2.625
					],
					"texture": "#8"
				},
				"east": {
					"uv": [
						9.25,
						4.5,
						9.3125,
						4.875
					],
					"texture": "#8"
				},
				"south": {
					"uv": [
						5.5,
						9.25,
						5.5625,
						9.625
					],
					"texture": "#8"
				},
				"west": {
					"uv": [
						6,
						9.25,
						6.0625,
						9.625
					],
					"texture": "#8"
				},
				"up": {
					"uv": [
						11.8125,
						11.0625,
						11.75,
						11
					],
					"texture": "#8"
				},
				"down": {
					"uv": [
						11.8125,
						11.5,
						11.75,
						11.5625
					],
					"texture": "#8"
				}
			}
		},
		{
			"from": [
				11.2,
				14.6,
				8.398
			],
			"to": [
				11.6,
				17.8,
				8.798
			],
			"rotation": {
				"angle": 22.5,
				"axis": "z",
				"origin": [
					8,
					8,
					8
				]
			},
			"faces": {
				"north": {
					"uv": [
						6.5,
						9.25,
						6.5625,
						9.625
					],
					"texture": "#8"
				},
				"east": {
					"uv": [
						8.25,
						9.25,
						8.3125,
						9.625
					],
					"texture": "#8"
				},
				"south": {
					"uv": [
						0,
						9.5,
						0.0625,
						9.875
					],
					"texture": "#8"
				},
				"west": {
					"uv": [
						9.5,
						0,
						9.5625,
						0.375
					],
					"texture": "#8"
				},
				"up": {
					"uv": [
						0.5625,
						12.0625,
						0.5,
						12
					],
					"texture": "#8"
				},
				"down": {
					"uv": [
						12.0625,
						0.5,
						12,
						0.5625
					],
					"texture": "#8"
				}
			}
		},
		{
			"from": [
				7.202,
				8.8,
				8.8
			],
			"to": [
				7.602,
				12,
				9.2
			],
			"rotation": {
				"angle": -22.5,
				"axis": "x",
				"origin": [
					8,
					8,
					8
				]
			},
			"faces": {
				"north": {
					"uv": [
						0.5,
						9.5,
						0.5625,
						9.875
					],
					"texture": "#8"
				},
				"east": {
					"uv": [
						1,
						9.5,
						1.0625,
						9.875
					],
					"texture": "#8"
				},
				"south": {
					"uv": [
						1.5,
						9.5,
						1.5625,
						9.875
					],
					"texture": "#8"
				},
				"west": {
					"uv": [
						9.5,
						1.5,
						9.5625,
						1.875
					],
					"texture": "#8"
				},
				"up": {
					"uv": [
						1.0625,
						12.0625,
						1,
						12
					],
					"texture": "#8"
				},
				"down": {
					"uv": [
						1.5625,
						12,
						1.5,
						12.0625
					],
					"texture": "#8"
				}
			}
		},
		{
			"from": [
				7.202,
				11.8,
				10
			],
			"to": [
				7.602,
				14.8,
				10.4
			],
			"rotation": {
				"angle": -22.5,
				"axis": "x",
				"origin": [
					8,
					8,
					8
				]
			},
			"faces": {
				"north": {
					"uv": [
						2,
						9.5,
						2.0625,
						9.875
					],
					"texture": "#8"
				},
				"east": {
					"uv": [
						2.5,
						9.5,
						2.5625,
						9.875
					],
					"texture": "#8"
				},
				"south": {
					"uv": [
						3,
						9.5,
						3.0625,
						9.875
					],
					"texture": "#8"
				},
				"west": {
					"uv": [
						9.5,
						3,
						9.5625,
						3.375
					],
					"texture": "#8"
				},
				"up": {
					"uv": [
						2.0625,
						12.0625,
						2,
						12
					],
					"texture": "#8"
				},
				"down": {
					"uv": [
						12.0625,
						2,
						12,
						2.0625
					],
					"texture": "#8"
				}
			}
		},
		{
			"from": [
				7.202,
				14.6,
				11.2
			],
			"to": [
				7.602,
				17.8,
				11.6
			],
			"rotation": {
				"angle": -22.5,
				"axis": "x",
				"origin": [
					8,
					8,
					8
				]
			},
			"faces": {
				"north": {
					"uv": [
						3.5,
						9.5,
						3.5625,
						9.875
					],
					"texture": "#8"
				},
				"east": {
					"uv": [
						9.5,
						3.75,
						9.5625,
						4.125
					],
					"texture": "#8"
				},
				"south": {
					"uv": [
						4,
						9.5,
						4.0625,
						9.875
					],
					"texture": "#8"
				},
				"west": {
					"uv": [
						4.5,
						9.5,
						4.5625,
						9.875
					],
					"texture": "#8"
				},
				"up": {
					"uv": [
						2.5625,
						12.0625,
						2.5,
						12
					],
					"texture": "#8"
				},
				"down": {
					"uv": [
						12.0625,
						2.5,
						12,
						2.5625
					],
					"texture": "#8"
				}
			}
		},
		{
			"from": [
				7.520000000000003,
				18.300000000000004,
				8.24
			],
			"to": [
				7.760000000000003,
				18.540000000000003,
				10.639999999999997
			],
			"faces": {
				"north": {
					"uv": [
						9.5,
						12,
						9.75,
						12.25
					],
					"texture": "#11"
				},
				"east": {
					"uv": [
						9,
						0,
						11.5,
						0.25
					],
					"texture": "#11"
				},
				"south": {
					"uv": [
						12,
						9.5,
						12.25,
						9.75
					],
					"texture": "#11"
				},
				"west": {
					"uv": [
						9,
						0.5,
						11.5,
						0.75
					],
					"texture": "#11"
				},
				"up": {
					"uv": [
						9.25,
						11.5,
						9,
						9
					],
					"texture": "#11"
				},
				"down": {
					"uv": [
						0.25,
						9.5,
						0,
						12
					],
					"texture": "#11"
				}
			}
		},
		{
			"from": [
				8.24,
				18.300000000000004,
				8.239999999999998
			],
			"to": [
				8.480000000000002,
				18.540000000000003,
				11.359999999999996
			],
			"faces": {
				"north": {
					"uv": [
						9,
						12,
						9.25,
						12.25
					],
					"texture": "#11"
				},
				"east": {
					"uv": [
						6,
						2,
						9.25,
						2.25
					],
					"texture": "#11"
				},
				"south": {
					"uv": [
						12,
						9,
						12.25,
						9.25
					],
					"texture": "#11"
				},
				"west": {
					"uv": [
						6,
						2.5,
						9.25,
						2.75
					],
					"texture": "#11"
				},
				"up": {
					"uv": [
						4.75,
						9.25,
						4.5,
						6
					],
					"texture": "#11"
				},
				"down": {
					"uv": [
						5.25,
						6,
						5,
						9.25
					],
					"texture": "#11"
				}
			}
		},
		{
			"from": [
				8.000000000000002,
				18.300000000000004,
				8.479999999999999
			],
			"to": [
				8.240000000000002,
				18.540000000000003,
				11.359999999999998
			],
			"faces": {
				"north": {
					"uv": [
						8.5,
						12,
						8.75,
						12.25
					],
					"texture": "#11"
				},
				"east": {
					"uv": [
						6.5,
						4,
						9.5,
						4.25
					],
					"texture": "#11"
				},
				"south": {
					"uv": [
						12,
						8.5,
						12.25,
						8.75
					],
					"texture": "#11"
				},
				"west": {
					"uv": [
						6.5,
						4.5,
						9.5,
						4.75
					],
					"texture": "#11"
				},
				"up": {
					"uv": [
						0.75,
						9.5,
						0.5,
						6.5
					],
					"texture": "#11"
				},
				"down": {
					"uv": [
						6.75,
						5,
						6.5,
						8
					],
					"texture": "#11"
				}
			}
		},
		{
			"from": [
				7.760000000000002,
				18.300000000000004,
				8.479999999999999
			],
			"to": [
				8.000000000000004,
				18.540000000000003,
				11.119999999999997
			],
			"faces": {
				"north": {
					"uv": [
						8,
						12,
						8.25,
						12.25
					],
					"texture": "#11"
				},
				"east": {
					"uv": [
						7.5,
						7,
						10.25,
						7.25
					],
					"texture": "#11"
				},
				"south": {
					"uv": [
						12,
						8,
						12.25,
						8.25
					],
					"texture": "#11"
				},
				"west": {
					"uv": [
						7.5,
						7.5,
						10.25,
						7.75
					],
					"texture": "#11"
				},
				"up": {
					"uv": [
						3.25,
						10.75,
						3,
						8
					],
					"texture": "#11"
				},
				"down": {
					"uv": [
						3.75,
						8,
						3.5,
						10.75
					],
					"texture": "#11"
				}
			}
		},
		{
			"from": [
				11.119999999999987,
				18.300000000000004,
				7.52
			],
			"to": [
				11.359999999999985,
				18.540000000000003,
				7.999999999999997
			],
			"faces": {
				"north": {
					"uv": [
						7.5,
						12,
						7.75,
						12.25
					],
					"texture": "#11"
				},
				"east": {
					"uv": [
						8.5,
						11.5,
						9,
						11.75
					],
					"texture": "#11"
				},
				"south": {
					"uv": [
						12,
						7.5,
						12.25,
						7.75
					],
					"texture": "#11"
				},
				"west": {
					"uv": [
						11.5,
						8.5,
						12,
						8.75
					],
					"texture": "#11"
				},
				"up": {
					"uv": [
						9.25,
						12,
						9,
						11.5
					],
					"texture": "#11"
				},
				"down": {
					"uv": [
						11.75,
						9,
						11.5,
						9.5
					],
					"texture": "#11"
				}
			}
		},
		{
			"from": [
				10.879999999999987,
				18.300000000000004,
				7.52
			],
			"to": [
				11.119999999999989,
				18.540000000000003,
				8.239999999999997
			],
			"faces": {
				"north": {
					"uv": [
						7,
						12,
						7.25,
						12.25
					],
					"texture": "#11"
				},
				"east": {
					"uv": [
						10,
						11,
						10.75,
						11.25
					],
					"texture": "#11"
				},
				"south": {
					"uv": [
						12,
						7,
						12.25,
						7.25
					],
					"texture": "#11"
				},
				"west": {
					"uv": [
						11,
						10,
						11.75,
						10.25
					],
					"texture": "#11"
				},
				"up": {
					"uv": [
						11.25,
						11.25,
						11,
						10.5
					],
					"texture": "#11"
				},
				"down": {
					"uv": [
						11.75,
						0,
						11.5,
						0.75
					],
					"texture": "#11"
				}
			}
		},
		{
			"from": [
				10.639999999999988,
				18.300000000000004,
				7.28
			],
			"to": [
				10.87999999999999,
				18.540000000000003,
				8.239999999999997
			],
			"faces": {
				"north": {
					"uv": [
						6.5,
						12,
						6.75,
						12.25
					],
					"texture": "#11"
				},
				"east": {
					"uv": [
						10.5,
						8,
						11.5,
						8.25
					],
					"texture": "#11"
				},
				"south": {
					"uv": [
						12,
						6.5,
						12.25,
						6.75
					],
					"texture": "#11"
				},
				"west": {
					"uv": [
						10.5,
						8.5,
						11.5,
						8.75
					],
					"texture": "#11"
				},
				"up": {
					"uv": [
						8.75,
						11.5,
						8.5,
						10.5
					],
					"texture": "#11"
				},
				"down": {
					"uv": [
						9.75,
						10.5,
						9.5,
						11.5
					],
					"texture": "#11"
				}
			}
		},
		{
			"from": [
				10.15999999999999,
				18.300000000000004,
				7.28
			],
			"to": [
				10.63999999999999,
				18.540000000000003,
				8.479999999999997
			],
			"faces": {
				"north": {
					"uv": [
						8,
						11.5,
						8.5,
						11.75
					],
					"texture": "#11"
				},
				"east": {
					"uv": [
						10.5,
						6.5,
						11.75,
						6.75
					],
					"texture": "#11"
				},
				"south": {
					"uv": [
						11.5,
						8,
						12,
						8.25
					],
					"texture": "#11"
				},
				"west": {
					"uv": [
						10.5,
						7,
						11.75,
						7.25
					],
					"texture": "#11"
				},
				"up": {
					"uv": [
						8.5,
						10.25,
						8,
						9
					],
					"texture": "#11"
				},
				"down": {
					"uv": [
						9,
						9,
						8.5,
						10.25
					],
					"texture": "#11"
				}
			}
		},
		{
			"from": [
				9.679999999999993,
				18.300000000000004,
				7.04
			],
			"to": [
				10.159999999999993,
				18.540000000000003,
				8.719999999999997
			],
			"faces": {
				"north": {
					"uv": [
						7.5,
						11.5,
						8,
						11.75
					],
					"texture": "#11"
				},
				"east": {
					"uv": [
						10,
						5,
						11.75,
						5.25
					],
					"texture": "#11"
				},
				"south": {
					"uv": [
						11.5,
						7.5,
						12,
						7.75
					],
					"texture": "#11"
				},
				"west": {
					"uv": [
						10,
						5.5,
						11.75,
						5.75
					],
					"texture": "#11"
				},
				"up": {
					"uv": [
						5.5,
						5.75,
						5,
						4
					],
					"texture": "#11"
				},
				"down": {
					"uv": [
						6,
						4,
						5.5,
						5.75
					],
					"texture": "#11"
				}
			}
		},
		{
			"from": [
				9.439999999999994,
				18.300000000000004,
				7.04
			],
			"to": [
				9.679999999999993,
				18.540000000000003,
				8.959999999999997
			],
			"faces": {
				"north": {
					"uv": [
						6,
						12,
						6.25,
						12.25
					],
					"texture": "#11"
				},
				"east": {
					"uv": [
						9.5,
						9,
						11.5,
						9.25
					],
					"texture": "#11"
				},
				"south": {
					"uv": [
						12,
						6,
						12.25,
						6.25
					],
					"texture": "#11"
				},
				"west": {
					"uv": [
						9.5,
						9.5,
						11.5,
						9.75
					],
					"texture": "#11"
				},
				"up": {
					"uv": [
						2.25,
						12,
						2,
						10
					],
					"texture": "#11"
				},
				"down": {
					"uv": [
						2.75,
						10,
						2.5,
						12
					],
					"texture": "#11"
				}
			}
		},
		{
			"from": [
				9.199999999999992,
				18.300000000000004,
				6.8
			],
			"to": [
				9.439999999999994,
				18.540000000000003,
				8.959999999999997
			],
			"faces": {
				"north": {
					"uv": [
						5.5,
						12,
						5.75,
						12.25
					],
					"texture": "#11"
				},
				"east": {
					"uv": [
						9.5,
						2,
						11.75,
						2.25
					],
					"texture": "#11"
				},
				"south": {
					"uv": [
						12,
						5.5,
						12.25,
						5.75
					],
					"texture": "#11"
				},
				"west": {
					"uv": [
						9.5,
						2.5,
						11.75,
						2.75
					],
					"texture": "#11"
				},
				"up": {
					"uv": [
						4.75,
						11.75,
						4.5,
						9.5
					],
					"texture": "#11"
				},
				"down": {
					"uv": [
						5.25,
						9.5,
						5,
						11.75
					],
					"texture": "#11"
				}
			}
		},
		{
			"from": [
				8.959999999999994,
				18.300000000000004,
				6.8
			],
			"to": [
				9.199999999999992,
				18.540000000000003,
				9.439999999999996
			],
			"faces": {
				"north": {
					"uv": [
						5,
						12,
						5.25,
						12.25
					],
					"texture": "#11"
				},
				"east": {
					"uv": [
						7.5,
						6,
						10.25,
						6.25
					],
					"texture": "#11"
				},
				"south": {
					"uv": [
						12,
						5,
						12.25,
						5.25
					],
					"texture": "#11"
				},
				"west": {
					"uv": [
						7.5,
						6.5,
						10.25,
						6.75
					],
					"texture": "#11"
				},
				"up": {
					"uv": [
						1.75,
						10.25,
						1.5,
						7.5
					],
					"texture": "#11"
				},
				"down": {
					"uv": [
						6.25,
						7.5,
						6,
						10.25
					],
					"texture": "#11"
				}
			}
		},
		{
			"from": [
				8.719999999999994,
				18.300000000000004,
				6.32
			],
			"to": [
				8.959999999999996,
				18.540000000000003,
				10.16
			],
			"faces": {
				"north": {
					"uv": [
						4.5,
						12,
						4.75,
						12.25
					],
					"texture": "#11"
				},
				"east": {
					"uv": [
						3,
						3,
						7,
						3.25
					],
					"texture": "#11"
				},
				"south": {
					"uv": [
						12,
						4.5,
						12.25,
						4.75
					],
					"texture": "#11"
				},
				"west": {
					"uv": [
						3,
						3.5,
						7,
						3.75
					],
					"texture": "#11"
				},
				"up": {
					"uv": [
						3.25,
						8,
						3,
						4
					],
					"texture": "#11"
				},
				"down": {
					"uv": [
						3.75,
						4,
						3.5,
						8
					],
					"texture": "#11"
				}
			}
		},
		{
			"from": [
				8.239999999999997,
				18.300000000000004,
				5.359999999999999
			],
			"to": [
				8.479999999999997,
				18.540000000000003,
				7.759999999999999
			],
			"faces": {
				"north": {
					"uv": [
						4,
						12,
						4.25,
						12.25
					],
					"texture": "#11"
				},
				"east": {
					"uv": [
						8,
						8,
						10.5,
						8.25
					],
					"texture": "#11"
				},
				"south": {
					"uv": [
						12,
						4,
						12.25,
						4.25
					],
					"texture": "#11"
				},
				"west": {
					"uv": [
						8,
						8.5,
						10.5,
						8.75
					],
					"texture": "#11"
				},
				"up": {
					"uv": [
						5.75,
						11.5,
						5.5,
						9
					],
					"texture": "#11"
				},
				"down": {
					"uv": [
						7.25,
						9,
						7,
						11.5
					],
					"texture": "#11"
				}
			}
		},
		{
			"from": [
				8.479999999999995,
				18.300000000000004,
				5.84
			],
			"to": [
				8.719999999999997,
				18.540000000000003,
				10.879999999999997
			],
			"faces": {
				"north": {
					"uv": [
						3.5,
						12,
						3.75,
						12.25
					],
					"texture": "#11"
				},
				"east": {
					"uv": [
						1,
						1,
						6.25,
						1.25
					],
					"texture": "#11"
				},
				"south": {
					"uv": [
						12,
						3.5,
						12.25,
						3.75
					],
					"texture": "#11"
				},
				"west": {
					"uv": [
						1,
						1.5,
						6.25,
						1.75
					],
					"texture": "#11"
				},
				"up": {
					"uv": [
						1.25,
						7.25,
						1,
						2
					],
					"texture": "#11"
				},
				"down": {
					"uv": [
						1.75,
						2,
						1.5,
						7.25
					],
					"texture": "#11"
				}
			}
		},
		{
			"from": [
				7.9999999999999964,
				18.300000000000004,
				4.88
			],
			"to": [
				8.239999999999997,
				18.540000000000003,
				7.52
			],
			"faces": {
				"north": {
					"uv": [
						3,
						12,
						3.25,
						12.25
					],
					"texture": "#11"
				},
				"east": {
					"uv": [
						7,
						5,
						9.75,
						5.25
					],
					"texture": "#11"
				},
				"south": {
					"uv": [
						12,
						3,
						12.25,
						3.25
					],
					"texture": "#11"
				},
				"west": {
					"uv": [
						7,
						5.5,
						9.75,
						5.75
					],
					"texture": "#11"
				},
				"up": {
					"uv": [
						7.25,
						8.75,
						7,
						6
					],
					"texture": "#11"
				},
				"down": {
					"uv": [
						1.25,
						7.5,
						1,
						10.25
					],
					"texture": "#11"
				}
			}
		},
		{
			"from": [
				7.759999999999997,
				18.300000000000004,
				4.64
			],
			"to": [
				7.999999999999998,
				18.540000000000003,
				7.52
			],
			"faces": {
				"north": {
					"uv": [
						2.5,
						12,
						2.75,
						12.25
					],
					"texture": "#11"
				},
				"east": {
					"uv": [
						6.5,
						1,
						9.5,
						1.25
					],
					"texture": "#11"
				},
				"south": {
					"uv": [
						12,
						2.5,
						12.25,
						2.75
					],
					"texture": "#11"
				},
				"west": {
					"uv": [
						6.5,
						1.5,
						9.5,
						1.75
					],
					"texture": "#11"
				},
				"up": {
					"uv": [
						5.75,
						9,
						5.5,
						6
					],
					"texture": "#11"
				},
				"down": {
					"uv": [
						0.25,
						6.5,
						0,
						9.5
					],
					"texture": "#11"
				}
			}
		},
		{
			"from": [
				4.640000000000002,
				18.300000000000004,
				8
			],
			"to": [
				4.8800000000000034,
				18.540000000000003,
				8.48
			],
			"faces": {
				"north": {
					"uv": [
						2,
						12,
						2.25,
						12.25
					],
					"texture": "#11"
				},
				"east": {
					"uv": [
						5.5,
						11.5,
						6,
						11.75
					],
					"texture": "#11"
				},
				"south": {
					"uv": [
						12,
						2,
						12.25,
						2.25
					],
					"texture": "#11"
				},
				"west": {
					"uv": [
						6,
						11.5,
						6.5,
						11.75
					],
					"texture": "#11"
				},
				"up": {
					"uv": [
						6.75,
						12,
						6.5,
						11.5
					],
					"texture": "#11"
				},
				"down": {
					"uv": [
						7.25,
						11.5,
						7,
						12
					],
					"texture": "#11"
				}
			}
		},
		{
			"from": [
				4.880000000000002,
				18.300000000000004,
				7.76
			],
			"to": [
				5.120000000000003,
				18.540000000000003,
				8.48
			],
			"faces": {
				"north": {
					"uv": [
						1.5,
						12,
						1.75,
						12.25
					],
					"texture": "#11"
				},
				"east": {
					"uv": [
						10,
						10.5,
						10.75,
						10.75
					],
					"texture": "#11"
				},
				"south": {
					"uv": [
						12,
						1.5,
						12.25,
						1.75
					],
					"texture": "#11"
				},
				"west": {
					"uv": [
						1,
						11,
						1.75,
						11.25
					],
					"texture": "#11"
				},
				"up": {
					"uv": [
						3.25,
						11.75,
						3,
						11
					],
					"texture": "#11"
				},
				"down": {
					"uv": [
						3.75,
						11,
						3.5,
						11.75
					],
					"texture": "#11"
				}
			}
		},
		{
			"from": [
				5.120000000000001,
				18.300000000000004,
				7.76
			],
			"to": [
				5.360000000000003,
				18.540000000000003,
				8.72
			],
			"faces": {
				"north": {
					"uv": [
						1,
						12,
						1.25,
						12.25
					],
					"texture": "#11"
				},
				"east": {
					"uv": [
						1,
						10.5,
						2,
						10.75
					],
					"texture": "#11"
				},
				"south": {
					"uv": [
						12,
						1,
						12.25,
						1.25
					],
					"texture": "#11"
				},
				"west": {
					"uv": [
						10.5,
						7.5,
						11.5,
						7.75
					],
					"texture": "#11"
				},
				"up": {
					"uv": [
						6.25,
						11.5,
						6,
						10.5
					],
					"texture": "#11"
				},
				"down": {
					"uv": [
						8.25,
						10.5,
						8,
						11.5
					],
					"texture": "#11"
				}
			}
		},
		{
			"from": [
				5.360000000000001,
				18.300000000000004,
				7.52
			],
			"to": [
				5.840000000000003,
				18.540000000000003,
				8.72
			],
			"faces": {
				"north": {
					"uv": [
						11.5,
						4,
						12,
						4.25
					],
					"texture": "#11"
				},
				"east": {
					"uv": [
						9.5,
						10,
						10.75,
						10.25
					],
					"texture": "#11"
				},
				"south": {
					"uv": [
						11.5,
						4.5,
						12,
						4.75
					],
					"texture": "#11"
				},
				"west": {
					"uv": [
						10.5,
						6,
						11.75,
						6.25
					],
					"texture": "#11"
				},
				"up": {
					"uv": [
						7,
						9.25,
						6.5,
						8
					],
					"texture": "#11"
				},
				"down": {
					"uv": [
						8,
						8,
						7.5,
						9.25
					],
					"texture": "#11"
				}
			}
		},
		{
			"from": [
				5.8400000000000025,
				18.300000000000004,
				7.28
			],
			"to": [
				6.320000000000004,
				18.540000000000003,
				8.96
			],
			"faces": {
				"north": {
					"uv": [
						1,
						11.5,
						1.5,
						11.75
					],
					"texture": "#11"
				},
				"east": {
					"uv": [
						10,
						3,
						11.75,
						3.25
					],
					"texture": "#11"
				},
				"south": {
					"uv": [
						1.5,
						11.5,
						2,
						11.75
					],
					"texture": "#11"
				},
				"west": {
					"uv": [
						10,
						3.5,
						11.75,
						3.75
					],
					"texture": "#11"
				},
				"up": {
					"uv": [
						4.5,
						5.75,
						4,
						4
					],
					"texture": "#11"
				},
				"down": {
					"uv": [
						5,
						4,
						4.5,
						5.75
					],
					"texture": "#11"
				}
			}
		},
		{
			"from": [
				6.320000000000002,
				18.300000000000004,
				7.04
			],
			"to": [
				6.560000000000002,
				18.540000000000003,
				8.96
			],
			"faces": {
				"north": {
					"uv": [
						0.5,
						12,
						0.75,
						12.25
					],
					"texture": "#11"
				},
				"east": {
					"uv": [
						9.5,
						4,
						11.5,
						4.25
					],
					"texture": "#11"
				},
				"south": {
					"uv": [
						12,
						0.5,
						12.25,
						0.75
					],
					"texture": "#11"
				},
				"west": {
					"uv": [
						9.5,
						4.5,
						11.5,
						4.75
					],
					"texture": "#11"
				},
				"up": {
					"uv": [
						6.75,
						11.5,
						6.5,
						9.5
					],
					"texture": "#11"
				},
				"down": {
					"uv": [
						7.75,
						9.5,
						7.5,
						11.5
					],
					"texture": "#11"
				}
			}
		},
		{
			"from": [
				6.5600000000000005,
				18.300000000000004,
				7.04
			],
			"to": [
				6.800000000000002,
				18.540000000000003,
				9.2
			],
			"faces": {
				"north": {
					"uv": [
						0,
						12,
						0.25,
						12.25
					],
					"texture": "#11"
				},
				"east": {
					"uv": [
						9.5,
						1,
						11.75,
						1.25
					],
					"texture": "#11"
				},
				"south": {
					"uv": [
						12,
						0,
						12.25,
						0.25
					],
					"texture": "#11"
				},
				"west": {
					"uv": [
						9.5,
						1.5,
						11.75,
						1.75
					],
					"texture": "#11"
				},
				"up": {
					"uv": [
						0.75,
						11.75,
						0.5,
						9.5
					],
					"texture": "#11"
				},
				"down": {
					"uv": [
						4.25,
						9.5,
						4,
						11.75
					],
					"texture": "#11"
				}
			}
		},
		{
			"from": [
				6.800000000000001,
				18.300000000000004,
				6.5600000000000005
			],
			"to": [
				7.040000000000002,
				18.540000000000003,
				9.2
			],
			"faces": {
				"north": {
					"uv": [
						11.5,
						11,
						11.75,
						11.25
					],
					"texture": "#11"
				},
				"east": {
					"uv": [
						7,
						3,
						9.75,
						3.25
					],
					"texture": "#11"
				},
				"south": {
					"uv": [
						11.5,
						11.5,
						11.75,
						11.75
					],
					"texture": "#11"
				},
				"west": {
					"uv": [
						7,
						3.5,
						9.75,
						3.75
					],
					"texture": "#11"
				},
				"up": {
					"uv": [
						2.25,
						9.75,
						2,
						7
					],
					"texture": "#11"
				},
				"down": {
					"uv": [
						2.75,
						7,
						2.5,
						9.75
					],
					"texture": "#11"
				}
			}
		},
		{
			"from": [
				7.04,
				18.300000000000004,
				5.84
			],
			"to": [
				7.280000000000001,
				18.540000000000003,
				9.68
			],
			"faces": {
				"north": {
					"uv": [
						11.5,
						10.5,
						11.75,
						10.75
					],
					"texture": "#11"
				},
				"east": {
					"uv": [
						2,
						2,
						6,
						2.25
					],
					"texture": "#11"
				},
				"south": {
					"uv": [
						11,
						11.5,
						11.25,
						11.75
					],
					"texture": "#11"
				},
				"west": {
					"uv": [
						2,
						2.5,
						6,
						2.75
					],
					"texture": "#11"
				},
				"up": {
					"uv": [
						2.25,
						7,
						2,
						3
					],
					"texture": "#11"
				},
				"down": {
					"uv": [
						2.75,
						3,
						2.5,
						7
					],
					"texture": "#11"
				}
			}
		},
		{
			"from": [
				7.279999999999999,
				18.300000000000004,
				5.12
			],
			"to": [
				7.52,
				18.540000000000003,
				10.16
			],
			"faces": {
				"north": {
					"uv": [
						10,
						11.5,
						10.25,
						11.75
					],
					"texture": "#11"
				},
				"east": {
					"uv": [
						0,
						0,
						5.25,
						0.25
					],
					"texture": "#11"
				},
				"south": {
					"uv": [
						10.5,
						11.5,
						10.75,
						11.75
					],
					"texture": "#11"
				},
				"west": {
					"uv": [
						0,
						0.5,
						5.25,
						0.75
					],
					"texture": "#11"
				},
				"up": {
					"uv": [
						0.25,
						6.25,
						0,
						1
					],
					"texture": "#11"
				},
				"down": {
					"uv": [
						0.75,
						1,
						0.5,
						6.25
					],
					"texture": "#11"
				}
			}
		},
		{
			"from": [
				7.519999999999999,
				18.300000000000004,
				4.64
			],
			"to": [
				7.759999999999999,
				18.540000000000003,
				7.76
			],
			"faces": {
				"north": {
					"uv": [
						9.5,
						11.5,
						9.75,
						11.75
					],
					"texture": "#11"
				},
				"east": {
					"uv": [
						5.5,
						0,
						8.75,
						0.25
					],
					"texture": "#11"
				},
				"south": {
					"uv": [
						11.5,
						9.5,
						11.75,
						9.75
					],
					"texture": "#11"
				},
				"west": {
					"uv": [
						5.5,
						0.5,
						8.75,
						0.75
					],
					"texture": "#11"
				},
				"up": {
					"uv": [
						4.25,
						9.25,
						4,
						6
					],
					"texture": "#11"
				},
				"down": {
					"uv": [
						6.25,
						4,
						6,
						7.25
					],
					"texture": "#11"
				}
			}
		}
	],
	"display": {
		"head": {
			"rotation": [
				0,
				180,
				0
			]
		}
	}
}