{
	"textures": {
		"7": "animated_java:item/florinus/blank_leaves"
	},
	"elements": [
		{
			"from": [
				7.2,
				7.5,
				6.8
			],
			"to": [
				7.8,
				10.9,
				9.2
			],
			"rotation": {
				"angle": 22.5,
				"axis": "z",
				"origin": [
					9,
					9.7,
					8
				]
			},
			"faces": {
				"north": {
					"uv": [
						8.5,
						3.75,
						8.5625,
						4.1875
					],
					"texture": "#7"
				},
				"east": {
					"uv": [
						4.25,
						0,
						4.5625,
						0.4375
					],
					"texture": "#7"
				},
				"south": {
					"uv": [
						5.75,
						8.5,
						5.8125,
						8.9375
					],
					"texture": "#7"
				},
				"west": {
					"uv": [
						4.25,
						0.75,
						4.5625,
						1.1875
					],
					"texture": "#7"
				},
				"up": {
					"uv": [
						5.0625,
						9.8125,
						5,
						9.5
					],
					"texture": "#7"
				},
				"down": {
					"uv": [
						7.8125,
						9.5,
						7.75,
						9.8125
					],
					"texture": "#7"
				}
			}
		},
		{
			"from": [
				6.7972,
				11.604,
				6.8
			],
			"to": [
				7.3972,
				13.404,
				9.2
			],
			"rotation": {
				"angle": 45,
				"axis": "z",
				"origin": [
					9,
					11.06612,
					8
				]
			},
			"faces": {
				"north": {
					"uv": [
						10.25,
						9.75,
						10.3125,
						10
					],
					"texture": "#7"
				},
				"east": {
					"uv": [
						3.75,
						5.25,
						4.0625,
						5.5
					],
					"texture": "#7"
				},
				"south": {
					"uv": [
						10.25,
						10.25,
						10.3125,
						10.5
					],
					"texture": "#7"
				},
				"west": {
					"uv": [
						5.25,
						4,
						5.5625,
						4.25
					],
					"texture": "#7"
				},
				"up": {
					"uv": [
						9.5625,
						8.0625,
						9.5,
						7.75
					],
					"texture": "#7"
				},
				"down": {
					"uv": [
						9.5625,
						8.5,
						9.5,
						8.8125
					],
					"texture": "#7"
				}
			}
		},
		{
			"from": [
				4.80968,
				9.97982,
				6.8
			],
			"to": [
				6.60968,
				10.57982,
				9.2
			],
			"rotation": {
				"angle": -22.5,
				"axis": "z",
				"origin": [
					9,
					12.010159999999999,
					8
				]
			},
			"faces": {
				"north": {
					"uv": [
						10.5,
						0.5,
						10.75,
						0.5625
					],
					"texture": "#7"
				},
				"east": {
					"uv": [
						9.5,
						9.25,
						9.8125,
						9.3125
					],
					"texture": "#7"
				},
				"south": {
					"uv": [
						10.5,
						2.25,
						10.75,
						2.3125
					],
					"texture": "#7"
				},
				"west": {
					"uv": [
						9.75,
						0.75,
						10.0625,
						0.8125
					],
					"texture": "#7"
				},
				"up": {
					"uv": [
						4.75,
						5.5625,
						4.5,
						5.25
					],
					"texture": "#7"
				},
				"down": {
					"uv": [
						5.5,
						4.5,
						5.25,
						4.8125
					],
					"texture": "#7"
				}
			}
		}
	],
	"display": {
		"head": {
			"rotation": [
				0,
				180,
				0
			]
		}
	}
}