{
	"textures": {
		"7": "animated_java:item/florinus/blank_leaves"
	},
	"elements": [
		{
			"from": [
				7,
				8,
				6
			],
			"to": [
				8,
				12,
				10
			],
			"rotation": {
				"angle": 22.5,
				"axis": "z",
				"origin": [
					10,
					10,
					8
				]
			},
			"faces": {
				"north": {
					"uv": [
						3.75,
						7.25,
						3.875,
						7.75
					],
					"texture": "#7"
				},
				"east": {
					"uv": [
						0,
						1.5,
						0.5,
						2
					],
					"texture": "#7"
				},
				"south": {
					"uv": [
						7.25,
						5,
						7.375,
						5.5
					],
					"texture": "#7"
				},
				"west": {
					"uv": [
						1.5,
						0,
						2,
						0.5
					],
					"texture": "#7"
				},
				"up": {
					"uv": [
						7.375,
						6.25,
						7.25,
						5.75
					],
					"texture": "#7"
				},
				"down": {
					"uv": [
						7.375,
						6.5,
						7.25,
						7
					],
					"texture": "#7"
				}
			}
		},
		{
			"from": [
				6.32868,
				13.17332,
				6
			],
			"to": [
				7.32868,
				16.17332,
				10
			],
			"rotation": {
				"angle": 45,
				"axis": "z",
				"origin": [
					10,
					12.27686,
					8
				]
			},
			"faces": {
				"north": {
					"uv": [
						3.5,
						8,
						3.625,
						8.375
					],
					"texture": "#7"
				},
				"east": {
					"uv": [
						0.75,
						3,
						1.25,
						3.375
					],
					"texture": "#7"
				},
				"south": {
					"uv": [
						8,
						4,
						8.125,
						4.375
					],
					"texture": "#7"
				},
				"west": {
					"uv": [
						3,
						0.75,
						3.5,
						1.125
					],
					"texture": "#7"
				},
				"up": {
					"uv": [
						7.375,
						7.75,
						7.25,
						7.25
					],
					"texture": "#7"
				},
				"down": {
					"uv": [
						7.625,
						0,
						7.5,
						0.5
					],
					"texture": "#7"
				}
			}
		},
		{
			"from": [
				3.016120000000001,
				10.466380000000001,
				6
			],
			"to": [
				6.01612,
				11.466380000000001,
				10
			],
			"rotation": {
				"angle": -22.5,
				"axis": "z",
				"origin": [
					10,
					13.85028,
					8
				]
			},
			"faces": {
				"north": {
					"uv": [
						6,
						8,
						6.375,
						8.125
					],
					"texture": "#7"
				},
				"east": {
					"uv": [
						0.5,
						7.5,
						1,
						7.625
					],
					"texture": "#7"
				},
				"south": {
					"uv": [
						6.75,
						8,
						7.125,
						8.125
					],
					"texture": "#7"
				},
				"west": {
					"uv": [
						7.5,
						0.75,
						8,
						0.875
					],
					"texture": "#7"
				},
				"up": {
					"uv": [
						1.875,
						3.5,
						1.5,
						3
					],
					"texture": "#7"
				},
				"down": {
					"uv": [
						3.375,
						1.5,
						3,
						2
					],
					"texture": "#7"
				}
			}
		}
	],
	"display": {
		"head": {
			"rotation": [
				0,
				180,
				0
			]
		}
	}
}