{
    "type": "chest",
    "pools": [
        {
            "rolls": 1,
            "entries": [
                {
                    "type":"item",
                    "name": "minecraft:leather_chestplate",
                    "functions": [
                        {
                            "function":"set_nbt",
                            "tag": "{eg:{is:1b,type:tile,name:large_backpack},'display':{'Name':'{\"text\":\"Backpack\",\"italic\":false}','Lore':[]},'Unbreakable':true,'HideFlags':127,'AttributeModifiers':[],'CustomModelData':148403}"
                        }
                    ]
                }
            ]
        }
    ]
}