{
  "enabled": true,
  "neededInstalledMods": [],
  "neededUninstalledMods": [],
  "spawns": [
    {
      "id": "dialga-1",
      "pokemon": "dialga",
	  "presets": [
                "natural"
            ],
      "type": "pokemon",
      "context": "grounded",
      "bucket": "ultra-rare",
      "level": "70",
      "weight": 0.4,
      "condition": {
        "biomes": [ 
          "#cobblemon:is_peak"
         ],
         "timeRange": "any",
          "isRaining": false,
          "neededBaseBlocks": [
              "minecraft:stone",
              "minecraft:snow_block"
          ]
      }
    }
  ]
}