{
  "enabled": true,
  "neededInstalledMods": [],
  "neededUninstalledMods": [],
  "spawns": [
    {
      "id": "victini-1",
      "pokemon": "victini",
	  "presets": [
                "natural"
      ],
      "type": "pokemon",
      "context": "grounded",
      "bucket": "ultra-rare",
      "level": "50-55",
      "weight": 0.05,
      "condition": {
        "biomes": [ 
          "#cobblemon:is_savanna"
         ],
         "timeRange": "morning",
         "neededBaseBlocks": [
          "minecraft:grass_block"
      ]
      }
    }
  ]
}