{
  "enabled": true,
  "neededInstalledMods": [],
  "neededUninstalledMods": [],
  "spawns": [
    {
      "id": "walkingwake-1",
      "pokemon": "walkingwake",
	  "presets": [
                "natural"
            ],
      "type": "pokemon",
      "context": "grounded",
      "bucket": "ultra-rare",
      "level": "50-70",
      "weight": 0.5,
      "condition": {
        "biomes": [ 
          "#cobblemon:is_beach",
          "#cobblemon:is_coast"
         ],
         "timeRange": "morning",
         "neededBaseBlocks": [
          "minecraft:sand"
      ]
      }
    }
  ]
}