{
    "pools": [
      {
        "rolls": 1,
        "entries": [
          {
            "type": "minecraft:item",
            "name": "minecraft:oak_fence",
            "functions": [
              {
                "function": "minecraft:set_count",
                "count": 1
              },
              {
                "function": "minecraft:set_lore",
                "lore": [
                  {
                    "text": "Cost: 10x",
                    "color": "gray",
                    "bold": false,
                    "italic": false
                  }
                ],
                "replace": false
              },
              {
                "function": "minecraft:set_name",
                "name": {
                  "text": "Oak Fences",
                  "color": "yellow",
                  "bold": false,
                  "italic": false,
                  "underlined": true
                }
              }
            ]
          }
        ]
      }
    ]
  }