{
  "criteria": {
    "requirement": {
      "trigger": "minecraft:player_interacted_with_entity",
      "conditions": {
        "entity": [
          {
            "condition": "minecraft:entity_properties",
            "entity": "this",
            "predicate": {
              "type": "minecraft:interaction",
              "type_specific": {},
              "nbt": "{Tags:[chk.chair.interaction]}"
            }
          }
        ]
      }
    }
  },
  "rewards": {
    "function": "tac:chair/interaction/rclick"
  }
}
