{
	"textures": {
		"0": "animated_java:item/vantera/texture_blank"
	},
	"elements": [
		{
			"from": [
				7.17304,
				8,
				7.17304
			],
			"to": [
				8.82695,
				9.10261,
				8.82696
			],
			"rotation": {
				"angle": 0,
				"axis": "y",
				"origin": [
					12.13479,
					8,
					1.6599799999999991
				]
			},
			"faces": {
				"north": {
					"uv": [
						1.5,
						9,
						3,
						10
					],
					"texture": "#0"
				},
				"east": {
					"uv": [
						3,
						9,
						4.5,
						10
					],
					"texture": "#0"
				},
				"south": {
					"uv": [
						9,
						3,
						10.5,
						4
					],
					"texture": "#0"
				},
				"west": {
					"uv": [
						0,
						9,
						1.5,
						10
					],
					"texture": "#0"
				},
				"up": {
					"uv": [
						10,
						1.5,
						8.5,
						0
					],
					"rotation": 270,
					"texture": "#0"
				},
				"down": {
					"uv": [
						10,
						1.5,
						8.5,
						3
					],
					"rotation": 90,
					"texture": "#0"
				}
			}
		},
		{
			"from": [
				7.17304,
				9.07712,
				7.17304
			],
			"to": [
				7.749829999999999,
				9.70101,
				8.82696
			],
			"rotation": {
				"angle": 0,
				"axis": "y",
				"origin": [
					12.13479,
					8,
					1.6599799999999991
				]
			},
			"faces": {
				"north": {
					"uv": [
						11,
						11,
						11.5,
						11.5
					],
					"texture": "#0"
				},
				"east": {
					"uv": [
						9,
						10.5,
						10.5,
						11
					],
					"texture": "#0"
				},
				"south": {
					"uv": [
						11.5,
						0,
						12,
						0.5
					],
					"texture": "#0"
				},
				"west": {
					"uv": [
						4,
						10.5,
						5.5,
						11
					],
					"texture": "#0"
				},
				"up": {
					"uv": [
						12,
						9.5,
						10.5,
						9
					],
					"rotation": 270,
					"texture": "#0"
				},
				"down": {
					"uv": [
						12,
						9.5,
						10.5,
						10
					],
					"rotation": 90,
					"texture": "#0"
				}
			}
		},
		{
			"from": [
				7.7116,
				9.07712,
				8.13048
			],
			"to": [
				8.82695,
				9.76085,
				8.82696
			],
			"rotation": {
				"angle": 0,
				"axis": "y",
				"origin": [
					12.13479,
					8,
					1.6599799999999991
				]
			},
			"faces": {
				"north": {
					"uv": [
						11,
						2.5,
						12,
						3
					],
					"texture": "#0"
				},
				"east": {
					"uv": [
						11,
						10.5,
						11.5,
						11
					],
					"texture": "#0"
				},
				"south": {
					"uv": [
						11,
						3,
						12,
						3.5
					],
					"texture": "#0"
				},
				"west": {
					"uv": [
						10,
						11,
						10.5,
						11.5
					],
					"texture": "#0"
				},
				"up": {
					"uv": [
						4,
						12,
						3.5,
						11
					],
					"rotation": 270,
					"texture": "#0"
				},
				"down": {
					"uv": [
						11.5,
						3.5,
						11,
						4.5
					],
					"rotation": 90,
					"texture": "#0"
				}
			}
		},
		{
			"from": [
				7.17304,
				9.67552,
				7.83128
			],
			"to": [
				7.749829999999999,
				10.29941,
				8.82696
			],
			"rotation": {
				"angle": 0,
				"axis": "y",
				"origin": [
					12.13479,
					8,
					1.6599799999999991
				]
			},
			"faces": {
				"north": {
					"uv": [
						11.5,
						0.5,
						12,
						1
					],
					"texture": "#0"
				},
				"east": {
					"uv": [
						11,
						4.5,
						12,
						5
					],
					"texture": "#0"
				},
				"south": {
					"uv": [
						11.5,
						1,
						12,
						1.5
					],
					"texture": "#0"
				},
				"west": {
					"uv": [
						4,
						11,
						5,
						11.5
					],
					"texture": "#0"
				},
				"up": {
					"uv": [
						10,
						11.5,
						9,
						11
					],
					"rotation": 270,
					"texture": "#0"
				},
				"down": {
					"uv": [
						12,
						10,
						11,
						10.5
					],
					"rotation": 90,
					"texture": "#0"
				}
			}
		},
		{
			"from": [
				7.7116,
				9.07712,
				7.17304
			],
			"to": [
				8.82695,
				9.34197,
				8.16872
			],
			"rotation": {
				"angle": 0,
				"axis": "y",
				"origin": [
					12.13479,
					8,
					1.6599799999999991
				]
			},
			"faces": {
				"north": {
					"uv": [
						11,
						1.5,
						12,
						2
					],
					"texture": "#0"
				},
				"east": {
					"uv": [
						11,
						2,
						12,
						2.5
					],
					"texture": "#0"
				},
				"south": {
					"uv": [
						2.5,
						11,
						3.5,
						11.5
					],
					"texture": "#0"
				},
				"west": {
					"uv": [
						1.5,
						11,
						2.5,
						11.5
					],
					"texture": "#0"
				},
				"up": {
					"uv": [
						10.5,
						10,
						9.5,
						9
					],
					"rotation": 270,
					"texture": "#0"
				},
				"down": {
					"uv": [
						1,
						10,
						0,
						11
					],
					"rotation": 90,
					"texture": "#0"
				}
			}
		},
		{
			"from": [
				7.44869,
				9.10261,
				7.448690000000001
			],
			"to": [
				8.5513,
				12.41045,
				8.551300000000001
			],
			"rotation": {
				"angle": 0,
				"axis": "y",
				"origin": [
					12.13479,
					8,
					1.6599799999999991
				]
			},
			"faces": {
				"north": {
					"uv": [
						7.5,
						0,
						8.5,
						3
					],
					"texture": "#0"
				},
				"east": {
					"uv": [
						7.5,
						3,
						8.5,
						6
					],
					"texture": "#0"
				},
				"south": {
					"uv": [
						7.5,
						6,
						8.5,
						9
					],
					"texture": "#0"
				},
				"west": {
					"uv": [
						6.5,
						4.5,
						7.5,
						7.5
					],
					"texture": "#0"
				},
				"up": {
					"uv": [
						8.5,
						1,
						7.5,
						0
					],
					"rotation": 270,
					"texture": "#0"
				},
				"down": {
					"uv": [
						2,
						10,
						1,
						11
					],
					"rotation": 90,
					"texture": "#0"
				}
			}
		}
	],
	"display": {
		"head": {
			"rotation": [
				0,
				180,
				0
			]
		}
	}
}