{
	"textures": {
		"0": "animated_java:item/vantera/texture_blank"
	},
	"elements": [
		{
			"from": [
				6.931100000000001,
				11.73881,
				9.49625
			],
			"to": [
				8.97093,
				13.006810000000002,
				10.047550000000001
			],
			"rotation": {
				"angle": 22.5,
				"axis": "x",
				"origin": [
					7.09649,
					12.84142,
					9.82703
				]
			},
			"faces": {
				"north": {
					"uv": [
						9,
						4,
						10.5,
						5
					],
					"texture": "#0"
				},
				"east": {
					"uv": [
						8,
						11,
						8.5,
						12
					],
					"texture": "#0"
				},
				"south": {
					"uv": [
						4.5,
						9,
						6,
						10
					],
					"texture": "#0"
				},
				"west": {
					"uv": [
						5,
						11,
						5.5,
						12
					],
					"texture": "#0"
				},
				"up": {
					"uv": [
						1,
						12.5,
						0.5,
						11
					],
					"rotation": 270,
					"texture": "#0"
				},
				"down": {
					"uv": [
						1.5,
						11,
						1,
						12.5
					],
					"rotation": 90,
					"texture": "#0"
				}
			}
		},
		{
			"from": [
				7.4139,
				12.84152,
				10.90681
			],
			"to": [
				9.067820000000001,
				18.35458,
				11.45811
			],
			"rotation": {
				"angle": 45,
				"axis": "y",
				"origin": [
					6.862590000000001,
					15.59795,
					9.74906
				]
			},
			"faces": {
				"north": {
					"uv": [
						3,
						0,
						4.5,
						4.5
					],
					"texture": "#0"
				},
				"east": {
					"uv": [
						8.5,
						7.5,
						9,
						12
					],
					"texture": "#0"
				},
				"south": {
					"uv": [
						0,
						4.5,
						1.5,
						9
					],
					"texture": "#0"
				},
				"west": {
					"uv": [
						8.5,
						3,
						9,
						7.5
					],
					"texture": "#0"
				},
				"up": {
					"uv": [
						0.5,
						12.5,
						0,
						11
					],
					"rotation": 270,
					"texture": "#0"
				},
				"down": {
					"uv": [
						11.5,
						0,
						11,
						1.5
					],
					"rotation": 90,
					"texture": "#0"
				}
			}
		},
		{
			"from": [
				7.63442,
				13.61325,
				6.71688
			],
			"to": [
				8.07547,
				14.054289999999998,
				9.47341
			],
			"rotation": {
				"angle": 0,
				"axis": "y",
				"origin": [
					7.965210000000001,
					9.864370000000001,
					8.04002
				]
			},
			"faces": {
				"north": {
					"uv": [
						11.5,
						4,
						12,
						4.5
					],
					"texture": "#0"
				},
				"east": {
					"uv": [
						9.5,
						7.5,
						12,
						8
					],
					"texture": "#0"
				},
				"south": {
					"uv": [
						4.5,
						11.5,
						5,
						12
					],
					"texture": "#0"
				},
				"west": {
					"uv": [
						9.5,
						7,
						12,
						7.5
					],
					"texture": "#0"
				},
				"up": {
					"uv": [
						12,
						8.5,
						9.5,
						8
					],
					"rotation": 270,
					"texture": "#0"
				},
				"down": {
					"uv": [
						12,
						8.5,
						9.5,
						9
					],
					"rotation": 90,
					"texture": "#0"
				}
			}
		},
		{
			"from": [
				7.3540600000000005,
				12.84142,
				9.47341
			],
			"to": [
				8.576350000000001,
				18.35448,
				10.57602
			],
			"rotation": {
				"angle": 0,
				"axis": "y",
				"origin": [
					7.965210000000001,
					9.864370000000001,
					8.04002
				]
			},
			"faces": {
				"north": {
					"uv": [
						5.5,
						0,
						6.5,
						4.5
					],
					"texture": "#0"
				},
				"east": {
					"uv": [
						5.5,
						4.5,
						6.5,
						9
					],
					"texture": "#0"
				},
				"south": {
					"uv": [
						6.5,
						0,
						7.5,
						4.5
					],
					"texture": "#0"
				},
				"west": {
					"uv": [
						4.5,
						4.5,
						5.5,
						9
					],
					"texture": "#0"
				},
				"up": {
					"uv": [
						11,
						3,
						10,
						2
					],
					"rotation": 270,
					"texture": "#0"
				},
				"down": {
					"uv": [
						4,
						10,
						3,
						11
					],
					"rotation": 90,
					"texture": "#0"
				}
			}
		},
		{
			"from": [
				6.25616,
				12.84152,
				9.363150000000001
			],
			"to": [
				7.91007,
				18.35458,
				9.91446
			],
			"rotation": {
				"angle": -45,
				"axis": "y",
				"origin": [
					6.862590000000001,
					15.59795,
					9.74906
				]
			},
			"faces": {
				"north": {
					"uv": [
						0,
						0,
						1.5,
						4.5
					],
					"texture": "#0"
				},
				"east": {
					"uv": [
						7,
						7.5,
						7.5,
						12
					],
					"texture": "#0"
				},
				"south": {
					"uv": [
						1.5,
						0,
						3,
						4.5
					],
					"texture": "#0"
				},
				"west": {
					"uv": [
						6.5,
						7.5,
						7,
						12
					],
					"texture": "#0"
				},
				"up": {
					"uv": [
						6,
						12,
						5.5,
						10.5
					],
					"rotation": 270,
					"texture": "#0"
				},
				"down": {
					"uv": [
						11,
						10.5,
						10.5,
						12
					],
					"rotation": 90,
					"texture": "#0"
				}
			}
		},
		{
			"from": [
				8.020340000000001,
				14.93638,
				5.06296
			],
			"to": [
				8.46138,
				15.37742,
				7.81949
			],
			"rotation": {
				"angle": 22.5,
				"axis": "x",
				"origin": [
					7.965210000000001,
					9.864370000000001,
					8.04002
				]
			},
			"faces": {
				"north": {
					"uv": [
						11.5,
						3.5,
						12,
						4
					],
					"texture": "#0"
				},
				"east": {
					"uv": [
						9.5,
						5.5,
						12,
						6
					],
					"texture": "#0"
				},
				"south": {
					"uv": [
						4,
						11.5,
						4.5,
						12
					],
					"texture": "#0"
				},
				"west": {
					"uv": [
						9.5,
						5,
						12,
						5.5
					],
					"texture": "#0"
				},
				"up": {
					"uv": [
						12,
						6.5,
						9.5,
						6
					],
					"rotation": 270,
					"texture": "#0"
				},
				"down": {
					"uv": [
						12,
						6.5,
						9.5,
						7
					],
					"rotation": 90,
					"texture": "#0"
				}
			}
		},
		{
			"from": [
				7.744680000000001,
				13.39272,
				13.66334
			],
			"to": [
				8.18573,
				16.14925,
				14.104379999999999
			],
			"rotation": {
				"angle": -45,
				"axis": "x",
				"origin": [
					7.965210000000001,
					9.864370000000001,
					8.04002
				]
			},
			"faces": {
				"north": {
					"uv": [
						6,
						9,
						6.5,
						11.5
					],
					"texture": "#0"
				},
				"east": {
					"uv": [
						7.5,
						9,
						8,
						11.5
					],
					"texture": "#0"
				},
				"south": {
					"uv": [
						9,
						7.5,
						9.5,
						10
					],
					"texture": "#0"
				},
				"west": {
					"uv": [
						9,
						5,
						9.5,
						7.5
					],
					"texture": "#0"
				},
				"up": {
					"uv": [
						3,
						12,
						2.5,
						11.5
					],
					"rotation": 270,
					"texture": "#0"
				},
				"down": {
					"uv": [
						3.5,
						11.5,
						3,
						12
					],
					"rotation": 90,
					"texture": "#0"
				}
			}
		},
		{
			"from": [
				6.64207,
				17.80317,
				9.14263
			],
			"to": [
				9.23321,
				18.35448,
				9.74906
			],
			"rotation": {
				"angle": 0,
				"axis": "y",
				"origin": [
					7.965210000000001,
					9.864370000000001,
					8.04002
				]
			},
			"faces": {
				"north": {
					"uv": [
						4,
						10,
						6,
						10.5
					],
					"texture": "#0"
				},
				"east": {
					"uv": [
						2,
						11.5,
						2.5,
						12
					],
					"texture": "#0"
				},
				"south": {
					"uv": [
						9,
						10,
						11,
						10.5
					],
					"texture": "#0"
				},
				"west": {
					"uv": [
						1.5,
						11.5,
						2,
						12
					],
					"texture": "#0"
				},
				"up": {
					"uv": [
						8.5,
						11,
						8,
						9
					],
					"rotation": 270,
					"texture": "#0"
				},
				"down": {
					"uv": [
						11,
						3,
						10.5,
						5
					],
					"rotation": 90,
					"texture": "#0"
				}
			}
		},
		{
			"from": [
				7.4139,
				8.10019,
				8.15028
			],
			"to": [
				8.51651,
				13.61325,
				9.25289
			],
			"rotation": {
				"angle": 22.5,
				"axis": "x",
				"origin": [
					7.965210000000001,
					9.864370000000001,
					8.04002
				]
			},
			"faces": {
				"north": {
					"uv": [
						1.5,
						4.5,
						2.5,
						9
					],
					"texture": "#0"
				},
				"east": {
					"uv": [
						2.5,
						4.5,
						3.5,
						9
					],
					"texture": "#0"
				},
				"south": {
					"uv": [
						3.5,
						4.5,
						4.5,
						9
					],
					"texture": "#0"
				},
				"west": {
					"uv": [
						4.5,
						0,
						5.5,
						4.5
					],
					"texture": "#0"
				},
				"up": {
					"uv": [
						11,
						2,
						10,
						1
					],
					"rotation": 270,
					"texture": "#0"
				},
				"down": {
					"uv": [
						3,
						10,
						2,
						11
					],
					"rotation": 90,
					"texture": "#0"
				}
			}
		}
	],
	"display": {
		"head": {
			"rotation": [
				0,
				180,
				0
			]
		}
	}
}