{
	"textures": {
		"0": "animated_java:item/vantera/texture_blank"
	},
	"elements": [
		{
			"from": [
				6.85184,
				8,
				6.9812
			],
			"to": [
				9.06296,
				9.47408,
				9.19232
			],
			"rotation": {
				"angle": 0,
				"axis": "y",
				"origin": [
					13.485199999999999,
					8,
					-0.38920000000000066
				]
			},
			"faces": {
				"north": {
					"uv": [
						1.5,
						9,
						3,
						10
					],
					"texture": "#0"
				},
				"east": {
					"uv": [
						3,
						9,
						4.5,
						10
					],
					"texture": "#0"
				},
				"south": {
					"uv": [
						9,
						3,
						10.5,
						4
					],
					"texture": "#0"
				},
				"west": {
					"uv": [
						0,
						9,
						1.5,
						10
					],
					"texture": "#0"
				},
				"up": {
					"uv": [
						10,
						1.5,
						8.5,
						0
					],
					"rotation": 270,
					"texture": "#0"
				},
				"down": {
					"uv": [
						10,
						1.5,
						8.5,
						3
					],
					"rotation": 90,
					"texture": "#0"
				}
			}
		},
		{
			"from": [
				7.57184,
				9.44,
				6.9812
			],
			"to": [
				9.06296,
				9.79408,
				8.31232
			],
			"rotation": {
				"angle": 0,
				"axis": "y",
				"origin": [
					13.485199999999999,
					8,
					-0.38920000000000066
				]
			},
			"faces": {
				"north": {
					"uv": [
						11,
						1.5,
						12,
						2
					],
					"texture": "#0"
				},
				"east": {
					"uv": [
						11,
						2,
						12,
						2.5
					],
					"texture": "#0"
				},
				"south": {
					"uv": [
						2.5,
						11,
						3.5,
						11.5
					],
					"texture": "#0"
				},
				"west": {
					"uv": [
						1.5,
						11,
						2.5,
						11.5
					],
					"texture": "#0"
				},
				"up": {
					"uv": [
						10.5,
						10,
						9.5,
						9
					],
					"rotation": 270,
					"texture": "#0"
				},
				"down": {
					"uv": [
						1,
						10,
						0,
						11
					],
					"rotation": 90,
					"texture": "#0"
				}
			}
		},
		{
			"from": [
				7.57184,
				9.44,
				8.2612
			],
			"to": [
				9.06296,
				10.35408,
				9.19232
			],
			"rotation": {
				"angle": 0,
				"axis": "y",
				"origin": [
					13.485199999999999,
					8,
					-0.38920000000000066
				]
			},
			"faces": {
				"north": {
					"uv": [
						11,
						2.5,
						12,
						3
					],
					"texture": "#0"
				},
				"east": {
					"uv": [
						11,
						10.5,
						11.5,
						11
					],
					"texture": "#0"
				},
				"south": {
					"uv": [
						11,
						3,
						12,
						3.5
					],
					"texture": "#0"
				},
				"west": {
					"uv": [
						10,
						11,
						10.5,
						11.5
					],
					"texture": "#0"
				},
				"up": {
					"uv": [
						4,
						12,
						3.5,
						11
					],
					"rotation": 270,
					"texture": "#0"
				},
				"down": {
					"uv": [
						11.5,
						3.5,
						11,
						4.5
					],
					"rotation": 90,
					"texture": "#0"
				}
			}
		},
		{
			"from": [
				6.85184,
				9.44,
				6.9812
			],
			"to": [
				7.62296,
				10.27408,
				9.19232
			],
			"rotation": {
				"angle": 0,
				"axis": "y",
				"origin": [
					13.485199999999999,
					8,
					-0.38920000000000066
				]
			},
			"faces": {
				"north": {
					"uv": [
						11,
						11,
						11.5,
						11.5
					],
					"texture": "#0"
				},
				"east": {
					"uv": [
						9,
						10.5,
						10.5,
						11
					],
					"texture": "#0"
				},
				"south": {
					"uv": [
						11.5,
						0,
						12,
						0.5
					],
					"texture": "#0"
				},
				"west": {
					"uv": [
						4,
						10.5,
						5.5,
						11
					],
					"texture": "#0"
				},
				"up": {
					"uv": [
						12,
						9.5,
						10.5,
						9
					],
					"rotation": 270,
					"texture": "#0"
				},
				"down": {
					"uv": [
						12,
						9.5,
						10.5,
						10
					],
					"rotation": 90,
					"texture": "#0"
				}
			}
		},
		{
			"from": [
				6.85184,
				10.24,
				7.8612
			],
			"to": [
				7.62296,
				11.07408,
				9.19232
			],
			"rotation": {
				"angle": 0,
				"axis": "y",
				"origin": [
					13.485199999999999,
					8,
					-0.38920000000000066
				]
			},
			"faces": {
				"north": {
					"uv": [
						11.5,
						0.5,
						12,
						1
					],
					"texture": "#0"
				},
				"east": {
					"uv": [
						11,
						4.5,
						12,
						5
					],
					"texture": "#0"
				},
				"south": {
					"uv": [
						11.5,
						1,
						12,
						1.5
					],
					"texture": "#0"
				},
				"west": {
					"uv": [
						4,
						11,
						5,
						11.5
					],
					"texture": "#0"
				},
				"up": {
					"uv": [
						10,
						11.5,
						9,
						11
					],
					"rotation": 270,
					"texture": "#0"
				},
				"down": {
					"uv": [
						12,
						10,
						11,
						10.5
					],
					"rotation": 90,
					"texture": "#0"
				}
			}
		},
		{
			"from": [
				7.22036,
				9.47408,
				7.34972
			],
			"to": [
				8.69444,
				13.89632,
				8.8238
			],
			"rotation": {
				"angle": 0,
				"axis": "y",
				"origin": [
					13.485199999999999,
					8,
					-0.38920000000000066
				]
			},
			"faces": {
				"north": {
					"uv": [
						7.5,
						0,
						8.5,
						3
					],
					"texture": "#0"
				},
				"east": {
					"uv": [
						7.5,
						3,
						8.5,
						6
					],
					"texture": "#0"
				},
				"south": {
					"uv": [
						7.5,
						6,
						8.5,
						9
					],
					"texture": "#0"
				},
				"west": {
					"uv": [
						6.5,
						4.5,
						7.5,
						7.5
					],
					"texture": "#0"
				},
				"up": {
					"uv": [
						8.5,
						1,
						7.5,
						0
					],
					"rotation": 270,
					"texture": "#0"
				},
				"down": {
					"uv": [
						2,
						10,
						1,
						11
					],
					"rotation": 90,
					"texture": "#0"
				}
			}
		}
	],
	"display": {
		"head": {
			"rotation": [
				0,
				180,
				0
			]
		}
	}
}