{
	"textures": {
		"0": "animated_java:item/vantera/texture_blank"
	},
	"elements": [
		{
			"from": [
				7.26296,
				8.04147,
				8.14741
			],
			"to": [
				8.73704,
				15.41187,
				9.62149
			],
			"rotation": {
				"angle": 22.5,
				"axis": "x",
				"origin": [
					8,
					10.4,
					8
				]
			},
			"faces": {
				"north": {
					"uv": [
						1.5,
						4.5,
						2.5,
						9
					],
					"texture": "#0"
				},
				"east": {
					"uv": [
						2.5,
						4.5,
						3.5,
						9
					],
					"texture": "#0"
				},
				"south": {
					"uv": [
						3.5,
						4.5,
						4.5,
						9
					],
					"texture": "#0"
				},
				"west": {
					"uv": [
						4.5,
						0,
						5.5,
						4.5
					],
					"texture": "#0"
				},
				"up": {
					"uv": [
						11,
						2,
						10,
						1
					],
					"rotation": 270,
					"texture": "#0"
				},
				"down": {
					"uv": [
						3,
						10,
						2,
						11
					],
					"rotation": 90,
					"texture": "#0"
				}
			}
		},
		{
			"from": [
				7.18296,
				14.38002,
				9.9163
			],
			"to": [
				8.81704,
				21.75042,
				11.39038
			],
			"rotation": {
				"angle": 0,
				"axis": "y",
				"origin": [
					8,
					10.4,
					8
				]
			},
			"faces": {
				"north": {
					"uv": [
						5.5,
						0,
						6.5,
						4.5
					],
					"texture": "#0"
				},
				"east": {
					"uv": [
						5.5,
						4.5,
						6.5,
						9
					],
					"texture": "#0"
				},
				"south": {
					"uv": [
						6.5,
						0,
						7.5,
						4.5
					],
					"texture": "#0"
				},
				"west": {
					"uv": [
						4.5,
						4.5,
						5.5,
						9
					],
					"texture": "#0"
				},
				"up": {
					"uv": [
						11,
						3,
						10,
						2
					],
					"rotation": 270,
					"texture": "#0"
				},
				"down": {
					"uv": [
						4,
						10,
						3,
						11
					],
					"rotation": 90,
					"texture": "#0"
				}
			}
		},
		{
			"from": [
				5.71518,
				14.38016,
				9.7689
			],
			"to": [
				7.9263,
				21.75056,
				10.505939999999999
			],
			"rotation": {
				"angle": -45,
				"axis": "y",
				"origin": [
					6.52592,
					18.06522,
					10.28482
				]
			},
			"faces": {
				"north": {
					"uv": [
						0,
						0,
						1.5,
						4.5
					],
					"texture": "#0"
				},
				"east": {
					"uv": [
						7,
						7.5,
						7.5,
						12
					],
					"texture": "#0"
				},
				"south": {
					"uv": [
						1.5,
						0,
						3,
						4.5
					],
					"texture": "#0"
				},
				"west": {
					"uv": [
						6.5,
						7.5,
						7,
						12
					],
					"texture": "#0"
				},
				"up": {
					"uv": [
						6,
						12,
						5.5,
						10.5
					],
					"rotation": 270,
					"texture": "#0"
				},
				"down": {
					"uv": [
						11,
						10.5,
						10.5,
						12
					],
					"rotation": 90,
					"texture": "#0"
				}
			}
		},
		{
			"from": [
				7.26296,
				14.38016,
				11.832609999999999
			],
			"to": [
				9.47408,
				21.75056,
				12.56965
			],
			"rotation": {
				"angle": 45,
				"axis": "y",
				"origin": [
					6.52592,
					18.06522,
					10.28482
				]
			},
			"faces": {
				"north": {
					"uv": [
						3,
						0,
						4.5,
						4.5
					],
					"texture": "#0"
				},
				"east": {
					"uv": [
						8.5,
						7.5,
						9,
						12
					],
					"texture": "#0"
				},
				"south": {
					"uv": [
						0,
						4.5,
						1.5,
						9
					],
					"texture": "#0"
				},
				"west": {
					"uv": [
						8.5,
						3,
						9,
						7.5
					],
					"texture": "#0"
				},
				"up": {
					"uv": [
						0.5,
						12.5,
						0,
						11
					],
					"rotation": 270,
					"texture": "#0"
				},
				"down": {
					"uv": [
						11.5,
						0,
						11,
						1.5
					],
					"rotation": 90,
					"texture": "#0"
				}
			}
		},
		{
			"from": [
				6.2311,
				21.013379999999998,
				9.47408
			],
			"to": [
				9.69519,
				21.75042,
				10.28482
			],
			"rotation": {
				"angle": 0,
				"axis": "y",
				"origin": [
					8,
					10.4,
					8
				]
			},
			"faces": {
				"north": {
					"uv": [
						4,
						10,
						6,
						10.5
					],
					"texture": "#0"
				},
				"east": {
					"uv": [
						2,
						11.5,
						2.5,
						12
					],
					"texture": "#0"
				},
				"south": {
					"uv": [
						9,
						10,
						11,
						10.5
					],
					"texture": "#0"
				},
				"west": {
					"uv": [
						1.5,
						11.5,
						2,
						12
					],
					"texture": "#0"
				},
				"up": {
					"uv": [
						8.5,
						11,
						8,
						9
					],
					"rotation": 270,
					"texture": "#0"
				},
				"down": {
					"uv": [
						11,
						3,
						10.5,
						5
					],
					"rotation": 90,
					"texture": "#0"
				}
			}
		},
		{
			"from": [
				6.61751,
				12.90594,
				9.94683
			],
			"to": [
				9.34456,
				14.60113,
				10.683869999999999
			],
			"rotation": {
				"angle": 22.5,
				"axis": "x",
				"origin": [
					6.83862,
					14.38002,
					10.38906
				]
			},
			"faces": {
				"north": {
					"uv": [
						9,
						4,
						10.5,
						5
					],
					"texture": "#0"
				},
				"east": {
					"uv": [
						8,
						11,
						8.5,
						12
					],
					"texture": "#0"
				},
				"south": {
					"uv": [
						4.5,
						9,
						6,
						10
					],
					"texture": "#0"
				},
				"west": {
					"uv": [
						5,
						11,
						5.5,
						12
					],
					"texture": "#0"
				},
				"up": {
					"uv": [
						1,
						12.5,
						0.5,
						11
					],
					"rotation": 270,
					"texture": "#0"
				},
				"down": {
					"uv": [
						1.5,
						11,
						1,
						12.5
					],
					"rotation": 90,
					"texture": "#0"
				}
			}
		},
		{
			"from": [
				7.70518,
				15.11706,
				15.51781
			],
			"to": [
				8.29482,
				18.802259999999997,
				16.10744
			],
			"rotation": {
				"angle": -45,
				"axis": "x",
				"origin": [
					8,
					10.4,
					8
				]
			},
			"faces": {
				"north": {
					"uv": [
						6,
						9,
						6.5,
						11.5
					],
					"texture": "#0"
				},
				"east": {
					"uv": [
						7.5,
						9,
						8,
						11.5
					],
					"texture": "#0"
				},
				"south": {
					"uv": [
						9,
						7.5,
						9.5,
						10
					],
					"texture": "#0"
				},
				"west": {
					"uv": [
						9,
						5,
						9.5,
						7.5
					],
					"texture": "#0"
				},
				"up": {
					"uv": [
						3,
						12,
						2.5,
						11.5
					],
					"rotation": 270,
					"texture": "#0"
				},
				"down": {
					"uv": [
						3.5,
						11.5,
						3,
						12
					],
					"rotation": 90,
					"texture": "#0"
				}
			}
		},
		{
			"from": [
				8.0737,
				17.180770000000003,
				4.01998
			],
			"to": [
				8.66334,
				17.770400000000002,
				7.70518
			],
			"rotation": {
				"angle": 22.5,
				"axis": "x",
				"origin": [
					8,
					10.4,
					8
				]
			},
			"faces": {
				"north": {
					"uv": [
						11.5,
						3.5,
						12,
						4
					],
					"texture": "#0"
				},
				"east": {
					"uv": [
						9.5,
						5.5,
						12,
						6
					],
					"texture": "#0"
				},
				"south": {
					"uv": [
						4,
						11.5,
						4.5,
						12
					],
					"texture": "#0"
				},
				"west": {
					"uv": [
						9.5,
						5,
						12,
						5.5
					],
					"texture": "#0"
				},
				"up": {
					"uv": [
						12,
						6.5,
						9.5,
						6
					],
					"rotation": 270,
					"texture": "#0"
				},
				"down": {
					"uv": [
						12,
						6.5,
						9.5,
						7
					],
					"rotation": 90,
					"texture": "#0"
				}
			}
		},
		{
			"from": [
				7.55778,
				15.41187,
				6.2311
			],
			"to": [
				8.14741,
				16.0015,
				9.9163
			],
			"rotation": {
				"angle": 0,
				"axis": "y",
				"origin": [
					8,
					10.4,
					8
				]
			},
			"faces": {
				"north": {
					"uv": [
						11.5,
						4,
						12,
						4.5
					],
					"texture": "#0"
				},
				"east": {
					"uv": [
						9.5,
						7.5,
						12,
						8
					],
					"texture": "#0"
				},
				"south": {
					"uv": [
						4.5,
						11.5,
						5,
						12
					],
					"texture": "#0"
				},
				"west": {
					"uv": [
						9.5,
						7,
						12,
						7.5
					],
					"texture": "#0"
				},
				"up": {
					"uv": [
						12,
						8.5,
						9.5,
						8
					],
					"rotation": 270,
					"texture": "#0"
				},
				"down": {
					"uv": [
						12,
						8.5,
						9.5,
						9
					],
					"rotation": 90,
					"texture": "#0"
				}
			}
		}
	],
	"display": {
		"head": {
			"rotation": [
				0,
				180,
				0
			]
		}
	}
}