{
	"textures": {
		"0": "animated_java:item/vantera/texture_blank"
	},
	"elements": [
		{
			"from": [
				6.98715,
				9.842600000000001,
				7.1819500000000005
			],
			"to": [
				8.82975,
				15.3704,
				9.02455
			],
			"rotation": {
				"angle": 0,
				"axis": "y",
				"origin": [
					-2.6865000000000006,
					8,
					1.1935000000000002
				]
			},
			"faces": {
				"north": {
					"uv": [
						7.5,
						3,
						8.5,
						6
					],
					"texture": "#0"
				},
				"east": {
					"uv": [
						7.5,
						6,
						8.5,
						9
					],
					"texture": "#0"
				},
				"south": {
					"uv": [
						6.5,
						4.5,
						7.5,
						7.5
					],
					"texture": "#0"
				},
				"west": {
					"uv": [
						7.5,
						0,
						8.5,
						3
					],
					"texture": "#0"
				},
				"up": {
					"uv": [
						8.5,
						1,
						7.5,
						0
					],
					"rotation": 180,
					"texture": "#0"
				},
				"down": {
					"uv": [
						2,
						10,
						1,
						11
					],
					"rotation": 180,
					"texture": "#0"
				}
			}
		},
		{
			"from": [
				6.5265,
				8,
				6.7213
			],
			"to": [
				9.2904,
				9.842600000000001,
				9.4852
			],
			"rotation": {
				"angle": 0,
				"axis": "y",
				"origin": [
					-2.6865000000000006,
					8,
					1.1935000000000002
				]
			},
			"faces": {
				"north": {
					"uv": [
						3,
						9,
						4.5,
						10
					],
					"texture": "#0"
				},
				"east": {
					"uv": [
						9,
						3,
						10.5,
						4
					],
					"texture": "#0"
				},
				"south": {
					"uv": [
						0,
						9,
						1.5,
						10
					],
					"texture": "#0"
				},
				"west": {
					"uv": [
						1.5,
						9,
						3,
						10
					],
					"texture": "#0"
				},
				"up": {
					"uv": [
						10,
						1.5,
						8.5,
						0
					],
					"rotation": 180,
					"texture": "#0"
				},
				"down": {
					"uv": [
						10,
						1.5,
						8.5,
						3
					],
					"rotation": 180,
					"texture": "#0"
				}
			}
		},
		{
			"from": [
				6.5265,
				9.8,
				8.5213
			],
			"to": [
				9.2904,
				10.842600000000001,
				9.4852
			],
			"rotation": {
				"angle": 0,
				"axis": "y",
				"origin": [
					-2.6865000000000006,
					8,
					1.1935000000000002
				]
			},
			"faces": {
				"north": {
					"uv": [
						9,
						10.5,
						10.5,
						11
					],
					"texture": "#0"
				},
				"east": {
					"uv": [
						11.5,
						0,
						12,
						0.5
					],
					"texture": "#0"
				},
				"south": {
					"uv": [
						4,
						10.5,
						5.5,
						11
					],
					"texture": "#0"
				},
				"west": {
					"uv": [
						11,
						11,
						11.5,
						11.5
					],
					"texture": "#0"
				},
				"up": {
					"uv": [
						12,
						9.5,
						10.5,
						9
					],
					"rotation": 180,
					"texture": "#0"
				},
				"down": {
					"uv": [
						12,
						9.5,
						10.5,
						10
					],
					"rotation": 180,
					"texture": "#0"
				}
			}
		},
		{
			"from": [
				7.6265,
				10.8,
				8.5213
			],
			"to": [
				9.2904,
				11.842600000000001,
				9.4852
			],
			"rotation": {
				"angle": 0,
				"axis": "y",
				"origin": [
					-2.6865000000000006,
					8,
					1.1935000000000002
				]
			},
			"faces": {
				"north": {
					"uv": [
						11,
						4.5,
						12,
						5
					],
					"texture": "#0"
				},
				"east": {
					"uv": [
						11.5,
						1,
						12,
						1.5
					],
					"texture": "#0"
				},
				"south": {
					"uv": [
						4,
						11,
						5,
						11.5
					],
					"texture": "#0"
				},
				"west": {
					"uv": [
						11.5,
						0.5,
						12,
						1
					],
					"texture": "#0"
				},
				"up": {
					"uv": [
						10,
						11.5,
						9,
						11
					],
					"rotation": 180,
					"texture": "#0"
				},
				"down": {
					"uv": [
						12,
						10,
						11,
						10.5
					],
					"rotation": 180,
					"texture": "#0"
				}
			}
		},
		{
			"from": [
				8.1265,
				9.8,
				6.7213
			],
			"to": [
				9.2904,
				10.9426,
				8.5852
			],
			"rotation": {
				"angle": 0,
				"axis": "y",
				"origin": [
					-2.6865000000000006,
					8,
					1.1935000000000002
				]
			},
			"faces": {
				"north": {
					"uv": [
						11,
						10.5,
						11.5,
						11
					],
					"texture": "#0"
				},
				"east": {
					"uv": [
						11,
						3,
						12,
						3.5
					],
					"texture": "#0"
				},
				"south": {
					"uv": [
						10,
						11,
						10.5,
						11.5
					],
					"texture": "#0"
				},
				"west": {
					"uv": [
						11,
						2.5,
						12,
						3
					],
					"texture": "#0"
				},
				"up": {
					"uv": [
						4,
						12,
						3.5,
						11
					],
					"rotation": 180,
					"texture": "#0"
				},
				"down": {
					"uv": [
						11.5,
						3.5,
						11,
						4.5
					],
					"rotation": 180,
					"texture": "#0"
				}
			}
		},
		{
			"from": [
				6.5265,
				9.8,
				6.7213
			],
			"to": [
				8.1904,
				10.2426,
				8.5852
			],
			"rotation": {
				"angle": 0,
				"axis": "y",
				"origin": [
					-2.6865000000000006,
					8,
					1.1935000000000002
				]
			},
			"faces": {
				"north": {
					"uv": [
						11,
						2,
						12,
						2.5
					],
					"texture": "#0"
				},
				"east": {
					"uv": [
						2.5,
						11,
						3.5,
						11.5
					],
					"texture": "#0"
				},
				"south": {
					"uv": [
						1.5,
						11,
						2.5,
						11.5
					],
					"texture": "#0"
				},
				"west": {
					"uv": [
						11,
						1.5,
						12,
						2
					],
					"texture": "#0"
				},
				"up": {
					"uv": [
						10.5,
						10,
						9.5,
						9
					],
					"rotation": 180,
					"texture": "#0"
				},
				"down": {
					"uv": [
						1,
						10,
						0,
						11
					],
					"rotation": 180,
					"texture": "#0"
				}
			}
		}
	],
	"display": {
		"head": {
			"rotation": [
				0,
				180,
				0
			]
		}
	}
}