{
	"textures": {
		"0": "animated_java:item/vantera/texture_blank"
	},
	"elements": [
		{
			"from": [
				10.53935,
				16.19358,
				7.1361
			],
			"to": [
				12.38195,
				25.406579999999998,
				9.1787
			],
			"rotation": {
				"angle": 0,
				"axis": "y",
				"origin": [
					8.14397,
					11.21848,
					8.157399999999999
				]
			},
			"faces": {
				"north": {
					"uv": [
						5.5,
						4.5,
						6.5,
						9
					],
					"texture": "#0"
				},
				"east": {
					"uv": [
						6.5,
						0,
						7.5,
						4.5
					],
					"texture": "#0"
				},
				"south": {
					"uv": [
						4.5,
						4.5,
						5.5,
						9
					],
					"texture": "#0"
				},
				"west": {
					"uv": [
						5.5,
						0,
						6.5,
						4.5
					],
					"texture": "#0"
				},
				"up": {
					"uv": [
						11,
						3,
						10,
						2
					],
					"rotation": 180,
					"texture": "#0"
				},
				"down": {
					"uv": [
						4,
						10,
						3,
						11
					],
					"rotation": 180,
					"texture": "#0"
				}
			}
		},
		{
			"from": [
				5.93285,
				17.48332,
				7.97314
			],
			"to": [
				10.53935,
				18.22036,
				8.71018
			],
			"rotation": {
				"angle": 0,
				"axis": "y",
				"origin": [
					8.14397,
					11.21848,
					8.157399999999999
				]
			},
			"faces": {
				"north": {
					"uv": [
						9.5,
						7.5,
						12,
						8
					],
					"texture": "#0"
				},
				"east": {
					"uv": [
						4.5,
						11.5,
						5,
						12
					],
					"texture": "#0"
				},
				"south": {
					"uv": [
						9.5,
						7,
						12,
						7.5
					],
					"texture": "#0"
				},
				"west": {
					"uv": [
						11.5,
						4,
						12,
						4.5
					],
					"texture": "#0"
				},
				"up": {
					"uv": [
						12,
						8.5,
						9.5,
						8
					],
					"rotation": 180,
					"texture": "#0"
				},
				"down": {
					"uv": [
						12,
						8.5,
						9.5,
						9
					],
					"rotation": 180,
					"texture": "#0"
				}
			}
		},
		{
			"from": [
				3.1689499999999997,
				19.69444,
				7.32823
			],
			"to": [
				7.77545,
				20.43148,
				8.06527
			],
			"rotation": {
				"angle": -22.5,
				"axis": "z",
				"origin": [
					8.14397,
					11.21848,
					8.157399999999999
				]
			},
			"faces": {
				"north": {
					"uv": [
						9.5,
						5.5,
						12,
						6
					],
					"texture": "#0"
				},
				"east": {
					"uv": [
						4,
						11.5,
						4.5,
						12
					],
					"texture": "#0"
				},
				"south": {
					"uv": [
						9.5,
						5,
						12,
						5.5
					],
					"texture": "#0"
				},
				"west": {
					"uv": [
						11.5,
						3.5,
						12,
						4
					],
					"texture": "#0"
				},
				"up": {
					"uv": [
						12,
						6.5,
						9.5,
						6
					],
					"rotation": 180,
					"texture": "#0"
				},
				"down": {
					"uv": [
						12,
						6.5,
						9.5,
						7
					],
					"rotation": 180,
					"texture": "#0"
				}
			}
		},
		{
			"from": [
				17.54123,
				17.1148,
				7.78888
			],
			"to": [
				18.27827,
				21.7213,
				8.52592
			],
			"rotation": {
				"angle": 45,
				"axis": "z",
				"origin": [
					8.14397,
					11.21848,
					8.157399999999999
				]
			},
			"faces": {
				"north": {
					"uv": [
						7.5,
						9,
						8,
						11.5
					],
					"texture": "#0"
				},
				"east": {
					"uv": [
						9,
						7.5,
						9.5,
						10
					],
					"texture": "#0"
				},
				"south": {
					"uv": [
						9,
						5,
						9.5,
						7.5
					],
					"texture": "#0"
				},
				"west": {
					"uv": [
						6,
						9,
						6.5,
						11.5
					],
					"texture": "#0"
				},
				"up": {
					"uv": [
						3,
						12,
						2.5,
						11.5
					],
					"rotation": 180,
					"texture": "#0"
				},
				"down": {
					"uv": [
						3.5,
						11.5,
						3,
						12
					],
					"rotation": 180,
					"texture": "#0"
				}
			}
		},
		{
			"from": [
				10.57751,
				14.3509,
				6.47671
			],
			"to": [
				11.49881,
				16.46989,
				9.88552
			],
			"rotation": {
				"angle": -22.5,
				"axis": "z",
				"origin": [
					11.13029,
					16.1935,
					9.60913
				]
			},
			"faces": {
				"north": {
					"uv": [
						8,
						11,
						8.5,
						12
					],
					"texture": "#0"
				},
				"east": {
					"uv": [
						4.5,
						9,
						6,
						10
					],
					"texture": "#0"
				},
				"south": {
					"uv": [
						5,
						11,
						5.5,
						12
					],
					"texture": "#0"
				},
				"west": {
					"uv": [
						9,
						4,
						10.5,
						5
					],
					"texture": "#0"
				},
				"up": {
					"uv": [
						1,
						12.5,
						0.5,
						11
					],
					"rotation": 180,
					"texture": "#0"
				},
				"down": {
					"uv": [
						1.5,
						11,
						1,
						12.5
					],
					"rotation": 180,
					"texture": "#0"
				}
			}
		},
		{
			"from": [
				9.98657,
				24.4852,
				6.03841
			],
			"to": [
				11,
				25.4065,
				10.36852
			],
			"rotation": {
				"angle": 0,
				"axis": "y",
				"origin": [
					8.14397,
					11.21848,
					8.157399999999999
				]
			},
			"faces": {
				"north": {
					"uv": [
						2,
						11.5,
						2.5,
						12
					],
					"texture": "#0"
				},
				"east": {
					"uv": [
						9,
						10,
						11,
						10.5
					],
					"texture": "#0"
				},
				"south": {
					"uv": [
						1.5,
						11.5,
						2,
						12
					],
					"texture": "#0"
				},
				"west": {
					"uv": [
						4,
						10,
						6,
						10.5
					],
					"texture": "#0"
				},
				"up": {
					"uv": [
						8.5,
						11,
						8,
						9
					],
					"rotation": 180,
					"texture": "#0"
				},
				"down": {
					"uv": [
						11,
						3,
						10.5,
						5
					],
					"rotation": 180,
					"texture": "#0"
				}
			}
		},
		{
			"from": [
				12.93473,
				16.19368,
				6.3148
			],
			"to": [
				13.85603,
				25.40668,
				9.0787
			],
			"rotation": {
				"angle": 45,
				"axis": "y",
				"origin": [
					11,
					20.8,
					10
				]
			},
			"faces": {
				"north": {
					"uv": [
						8.5,
						7.5,
						9,
						12
					],
					"texture": "#0"
				},
				"east": {
					"uv": [
						0,
						4.5,
						1.5,
						9
					],
					"texture": "#0"
				},
				"south": {
					"uv": [
						8.5,
						3,
						9,
						7.5
					],
					"texture": "#0"
				},
				"west": {
					"uv": [
						3,
						0,
						4.5,
						4.5
					],
					"texture": "#0"
				},
				"up": {
					"uv": [
						0.5,
						12.5,
						0,
						11
					],
					"rotation": 180,
					"texture": "#0"
				},
				"down": {
					"uv": [
						11.5,
						0,
						11,
						1.5
					],
					"rotation": 180,
					"texture": "#0"
				}
			}
		},
		{
			"from": [
				10.35509,
				16.19368,
				8.24953
			],
			"to": [
				11.27639,
				25.40668,
				11.01343
			],
			"rotation": {
				"angle": -45,
				"axis": "y",
				"origin": [
					11,
					20.8,
					10
				]
			},
			"faces": {
				"north": {
					"uv": [
						7,
						7.5,
						7.5,
						12
					],
					"texture": "#0"
				},
				"east": {
					"uv": [
						1.5,
						0,
						3,
						4.5
					],
					"texture": "#0"
				},
				"south": {
					"uv": [
						6.5,
						7.5,
						7,
						12
					],
					"texture": "#0"
				},
				"west": {
					"uv": [
						0,
						0,
						1.5,
						4.5
					],
					"texture": "#0"
				},
				"up": {
					"uv": [
						6,
						12,
						5.5,
						10.5
					],
					"rotation": 180,
					"texture": "#0"
				},
				"down": {
					"uv": [
						11,
						10.5,
						10.5,
						12
					],
					"rotation": 180,
					"texture": "#0"
				}
			}
		},
		{
			"from": [
				8.328230000000001,
				8.27032,
				7.2361
			],
			"to": [
				10.17083,
				17.48332,
				9.0787
			],
			"rotation": {
				"angle": -22.5,
				"axis": "z",
				"origin": [
					8.14397,
					11.21848,
					8.157399999999999
				]
			},
			"faces": {
				"north": {
					"uv": [
						2.5,
						4.5,
						3.5,
						9
					],
					"texture": "#0"
				},
				"east": {
					"uv": [
						3.5,
						4.5,
						4.5,
						9
					],
					"texture": "#0"
				},
				"south": {
					"uv": [
						4.5,
						0,
						5.5,
						4.5
					],
					"texture": "#0"
				},
				"west": {
					"uv": [
						1.5,
						4.5,
						2.5,
						9
					],
					"texture": "#0"
				},
				"up": {
					"uv": [
						11,
						2,
						10,
						1
					],
					"rotation": 180,
					"texture": "#0"
				},
				"down": {
					"uv": [
						3,
						10,
						2,
						11
					],
					"rotation": 180,
					"texture": "#0"
				}
			}
		}
	],
	"display": {
		"head": {
			"rotation": [
				0,
				180,
				0
			]
		}
	}
}