{
	"textures": {
		"0": "animated_java:item/vantera/texture_blank"
	},
	"elements": [
		{
			"from": [
				7.66816,
				9.53,
				7.58258
			],
			"to": [
				9.08248,
				9.90621,
				9.16689
			],
			"rotation": {
				"angle": 0,
				"axis": "y",
				"origin": [
					16.91352,
					8,
					13.86552
				]
			},
			"faces": {
				"north": {
					"uv": [
						1.5,
						11,
						2.5,
						11.5
					],
					"texture": "#0"
				},
				"east": {
					"uv": [
						11,
						1.5,
						12,
						2
					],
					"texture": "#0"
				},
				"south": {
					"uv": [
						11,
						2,
						12,
						2.5
					],
					"texture": "#0"
				},
				"west": {
					"uv": [
						2.5,
						11,
						3.5,
						11.5
					],
					"texture": "#0"
				},
				"up": {
					"uv": [
						10.5,
						10,
						9.5,
						9
					],
					"texture": "#0"
				},
				"down": {
					"uv": [
						1,
						10,
						0,
						11
					],
					"texture": "#0"
				}
			}
		},
		{
			"from": [
				6.73316,
				9.53,
				7.58258
			],
			"to": [
				7.72248,
				10.50121,
				9.16689
			],
			"rotation": {
				"angle": 0,
				"axis": "y",
				"origin": [
					16.91352,
					8,
					13.86552
				]
			},
			"faces": {
				"north": {
					"uv": [
						10,
						11,
						10.5,
						11.5
					],
					"texture": "#0"
				},
				"east": {
					"uv": [
						11,
						2.5,
						12,
						3
					],
					"texture": "#0"
				},
				"south": {
					"uv": [
						11,
						10.5,
						11.5,
						11
					],
					"texture": "#0"
				},
				"west": {
					"uv": [
						11,
						3,
						12,
						3.5
					],
					"texture": "#0"
				},
				"up": {
					"uv": [
						4,
						12,
						3.5,
						11
					],
					"texture": "#0"
				},
				"down": {
					"uv": [
						11.5,
						3.5,
						11,
						4.5
					],
					"texture": "#0"
				}
			}
		},
		{
			"from": [
				6.73316,
				10.379999999999999,
				6.8175799999999995
			],
			"to": [
				8.14748,
				11.266210000000001,
				7.6369
			],
			"rotation": {
				"angle": 0,
				"axis": "y",
				"origin": [
					16.91352,
					8,
					13.86552
				]
			},
			"faces": {
				"north": {
					"uv": [
						4,
						11,
						5,
						11.5
					],
					"texture": "#0"
				},
				"east": {
					"uv": [
						11.5,
						0.5,
						12,
						1
					],
					"texture": "#0"
				},
				"south": {
					"uv": [
						11,
						4.5,
						12,
						5
					],
					"texture": "#0"
				},
				"west": {
					"uv": [
						11.5,
						1,
						12,
						1.5
					],
					"texture": "#0"
				},
				"up": {
					"uv": [
						10,
						11.5,
						9,
						11
					],
					"texture": "#0"
				},
				"down": {
					"uv": [
						12,
						10,
						11,
						10.5
					],
					"texture": "#0"
				}
			}
		},
		{
			"from": [
				6.73316,
				9.53,
				6.8175799999999995
			],
			"to": [
				9.08248,
				10.41621,
				7.6369
			],
			"rotation": {
				"angle": 0,
				"axis": "y",
				"origin": [
					16.91352,
					8,
					13.86552
				]
			},
			"faces": {
				"north": {
					"uv": [
						4,
						10.5,
						5.5,
						11
					],
					"texture": "#0"
				},
				"east": {
					"uv": [
						11,
						11,
						11.5,
						11.5
					],
					"texture": "#0"
				},
				"south": {
					"uv": [
						9,
						10.5,
						10.5,
						11
					],
					"texture": "#0"
				},
				"west": {
					"uv": [
						11.5,
						0,
						12,
						0.5
					],
					"texture": "#0"
				},
				"up": {
					"uv": [
						12,
						9.5,
						10.5,
						9
					],
					"texture": "#0"
				},
				"down": {
					"uv": [
						12,
						9.5,
						10.5,
						10
					],
					"texture": "#0"
				}
			}
		},
		{
			"from": [
				6.73316,
				8,
				6.8175799999999995
			],
			"to": [
				9.08248,
				9.56621,
				9.16689
			],
			"rotation": {
				"angle": 0,
				"axis": "y",
				"origin": [
					16.91352,
					8,
					13.86552
				]
			},
			"faces": {
				"north": {
					"uv": [
						0,
						9,
						1.5,
						10
					],
					"texture": "#0"
				},
				"east": {
					"uv": [
						1.5,
						9,
						3,
						10
					],
					"texture": "#0"
				},
				"south": {
					"uv": [
						3,
						9,
						4.5,
						10
					],
					"texture": "#0"
				},
				"west": {
					"uv": [
						9,
						3,
						10.5,
						4
					],
					"texture": "#0"
				},
				"up": {
					"uv": [
						10,
						1.5,
						8.5,
						0
					],
					"texture": "#0"
				},
				"down": {
					"uv": [
						10,
						1.5,
						8.5,
						3
					],
					"texture": "#0"
				}
			}
		},
		{
			"from": [
				7.12471,
				9.56621,
				7.20913
			],
			"to": [
				8.69092,
				14.26484,
				8.77534
			],
			"rotation": {
				"angle": 0,
				"axis": "y",
				"origin": [
					16.91352,
					8,
					13.86552
				]
			},
			"faces": {
				"north": {
					"uv": [
						6.5,
						4.5,
						7.5,
						7.5
					],
					"texture": "#0"
				},
				"east": {
					"uv": [
						7.5,
						0,
						8.5,
						3
					],
					"texture": "#0"
				},
				"south": {
					"uv": [
						7.5,
						3,
						8.5,
						6
					],
					"texture": "#0"
				},
				"west": {
					"uv": [
						7.5,
						6,
						8.5,
						9
					],
					"texture": "#0"
				},
				"up": {
					"uv": [
						8.5,
						1,
						7.5,
						0
					],
					"texture": "#0"
				},
				"down": {
					"uv": [
						2,
						10,
						1,
						11
					],
					"texture": "#0"
				}
			}
		}
	],
	"display": {
		"head": {
			"rotation": [
				0,
				180,
				0
			]
		}
	}
}