{
	"textures": {
		"0": "animated_java:item/vantera/texture_blank"
	},
	"elements": [
		{
			"from": [
				6.27717,
				7.99406,
				7.21689
			],
			"to": [
				7.84338,
				15.82511,
				8.7831
			],
			"rotation": {
				"angle": 22.5,
				"axis": "z",
				"origin": [
					8,
					10.5,
					8
				]
			},
			"faces": {
				"north": {
					"uv": [
						4.5,
						0,
						5.5,
						4.5
					],
					"texture": "#0"
				},
				"east": {
					"uv": [
						1.5,
						4.5,
						2.5,
						9
					],
					"texture": "#0"
				},
				"south": {
					"uv": [
						2.5,
						4.5,
						3.5,
						9
					],
					"texture": "#0"
				},
				"west": {
					"uv": [
						3.5,
						4.5,
						4.5,
						9
					],
					"texture": "#0"
				},
				"up": {
					"uv": [
						11,
						2,
						10,
						1
					],
					"texture": "#0"
				},
				"down": {
					"uv": [
						3,
						10,
						2,
						11
					],
					"texture": "#0"
				}
			}
		},
		{
			"from": [
				4.39771,
				14.72883,
				7.13189
			],
			"to": [
				5.96392,
				22.55988,
				8.8681
			],
			"rotation": {
				"angle": 0,
				"axis": "y",
				"origin": [
					8,
					10.5,
					8
				]
			},
			"faces": {
				"north": {
					"uv": [
						4.5,
						4.5,
						5.5,
						9
					],
					"texture": "#0"
				},
				"east": {
					"uv": [
						5.5,
						0,
						6.5,
						4.5
					],
					"texture": "#0"
				},
				"south": {
					"uv": [
						5.5,
						4.5,
						6.5,
						9
					],
					"texture": "#0"
				},
				"west": {
					"uv": [
						6.5,
						0,
						7.5,
						4.5
					],
					"texture": "#0"
				},
				"up": {
					"uv": [
						11,
						3,
						10,
						2
					],
					"texture": "#0"
				},
				"down": {
					"uv": [
						4,
						10,
						3,
						11
					],
					"texture": "#0"
				}
			}
		},
		{
			"from": [
				5.33744,
				14.72892,
				5.572369999999999
			],
			"to": [
				6.12055,
				22.55997,
				7.92169
			],
			"rotation": {
				"angle": -45,
				"axis": "y",
				"origin": [
					5.572369999999999,
					18.644289999999998,
					6.43379
				]
			},
			"faces": {
				"north": {
					"uv": [
						6.5,
						7.5,
						7,
						12
					],
					"texture": "#0"
				},
				"east": {
					"uv": [
						0,
						0,
						1.5,
						4.5
					],
					"texture": "#0"
				},
				"south": {
					"uv": [
						7,
						7.5,
						7.5,
						12
					],
					"texture": "#0"
				},
				"west": {
					"uv": [
						1.5,
						0,
						3,
						4.5
					],
					"texture": "#0"
				},
				"up": {
					"uv": [
						6,
						12,
						5.5,
						10.5
					],
					"texture": "#0"
				},
				"down": {
					"uv": [
						11,
						10.5,
						10.5,
						12
					],
					"texture": "#0"
				}
			}
		},
		{
			"from": [
				3.14475,
				14.72892,
				7.21689
			],
			"to": [
				3.9278499999999994,
				22.55997,
				9.56621
			],
			"rotation": {
				"angle": 45,
				"axis": "y",
				"origin": [
					5.572369999999999,
					18.644289999999998,
					6.43379
				]
			},
			"faces": {
				"north": {
					"uv": [
						8.5,
						3,
						9,
						7.5
					],
					"texture": "#0"
				},
				"east": {
					"uv": [
						3,
						0,
						4.5,
						4.5
					],
					"texture": "#0"
				},
				"south": {
					"uv": [
						8.5,
						7.5,
						9,
						12
					],
					"texture": "#0"
				},
				"west": {
					"uv": [
						0,
						4.5,
						1.5,
						9
					],
					"texture": "#0"
				},
				"up": {
					"uv": [
						0.5,
						12.5,
						0,
						11
					],
					"texture": "#0"
				},
				"down": {
					"uv": [
						11.5,
						0,
						11,
						1.5
					],
					"texture": "#0"
				}
			}
		},
		{
			"from": [
				5.572369999999999,
				21.77671,
				6.12055
			],
			"to": [
				6.43379,
				22.55981,
				9.80114
			],
			"rotation": {
				"angle": 0,
				"axis": "y",
				"origin": [
					8,
					10.5,
					8
				]
			},
			"faces": {
				"north": {
					"uv": [
						1.5,
						11.5,
						2,
						12
					],
					"texture": "#0"
				},
				"east": {
					"uv": [
						4,
						10,
						6,
						10.5
					],
					"texture": "#0"
				},
				"south": {
					"uv": [
						2,
						11.5,
						2.5,
						12
					],
					"texture": "#0"
				},
				"west": {
					"uv": [
						9,
						10,
						11,
						10.5
					],
					"texture": "#0"
				},
				"up": {
					"uv": [
						8.5,
						11,
						8,
						9
					],
					"texture": "#0"
				},
				"down": {
					"uv": [
						11,
						3,
						10.5,
						5
					],
					"texture": "#0"
				}
			}
		},
		{
			"from": [
				5.1483799999999995,
				13.16255,
				6.5311
			],
			"to": [
				5.93149,
				14.96369,
				9.42859
			],
			"rotation": {
				"angle": 22.5,
				"axis": "z",
				"origin": [
					5.46162,
					14.72876,
					6.76603
				]
			},
			"faces": {
				"north": {
					"uv": [
						5,
						11,
						5.5,
						12
					],
					"texture": "#0"
				},
				"east": {
					"uv": [
						9,
						4,
						10.5,
						5
					],
					"texture": "#0"
				},
				"south": {
					"uv": [
						8,
						11,
						8.5,
						12
					],
					"texture": "#0"
				},
				"west": {
					"uv": [
						4.5,
						9,
						6,
						10
					],
					"texture": "#0"
				},
				"up": {
					"uv": [
						1,
						12.5,
						0.5,
						11
					],
					"texture": "#0"
				},
				"down": {
					"uv": [
						1.5,
						11,
						1,
						12.5
					],
					"texture": "#0"
				}
			}
		},
		{
			"from": [
				-0.61416,
				15.51187,
				7.68676
			],
			"to": [
				0.012330000000000396,
				19.427390000000003,
				8.31324
			],
			"rotation": {
				"angle": -45,
				"axis": "z",
				"origin": [
					8,
					10.5,
					8
				]
			},
			"faces": {
				"north": {
					"uv": [
						9,
						5,
						9.5,
						7.5
					],
					"texture": "#0"
				},
				"east": {
					"uv": [
						6,
						9,
						6.5,
						11.5
					],
					"texture": "#0"
				},
				"south": {
					"uv": [
						7.5,
						9,
						8,
						11.5
					],
					"texture": "#0"
				},
				"west": {
					"uv": [
						9,
						7.5,
						9.5,
						10
					],
					"texture": "#0"
				},
				"up": {
					"uv": [
						3,
						12,
						2.5,
						11.5
					],
					"texture": "#0"
				},
				"down": {
					"uv": [
						3.5,
						11.5,
						3,
						12
					],
					"texture": "#0"
				}
			}
		},
		{
			"from": [
				8.31324,
				17.70456,
				8.07831
			],
			"to": [
				12.228760000000001,
				18.33104,
				8.70479
			],
			"rotation": {
				"angle": 22.5,
				"axis": "z",
				"origin": [
					8,
					10.5,
					8
				]
			},
			"faces": {
				"north": {
					"uv": [
						9.5,
						5,
						12,
						5.5
					],
					"texture": "#0"
				},
				"east": {
					"uv": [
						11.5,
						3.5,
						12,
						4
					],
					"texture": "#0"
				},
				"south": {
					"uv": [
						9.5,
						5.5,
						12,
						6
					],
					"texture": "#0"
				},
				"west": {
					"uv": [
						4,
						11.5,
						4.5,
						12
					],
					"texture": "#0"
				},
				"up": {
					"uv": [
						12,
						6.5,
						9.5,
						6
					],
					"texture": "#0"
				},
				"down": {
					"uv": [
						12,
						6.5,
						9.5,
						7
					],
					"texture": "#0"
				}
			}
		},
		{
			"from": [
				5.96392,
				15.82511,
				7.53013
			],
			"to": [
				9.87945,
				16.45159,
				8.15662
			],
			"rotation": {
				"angle": 0,
				"axis": "y",
				"origin": [
					8,
					10.5,
					8
				]
			},
			"faces": {
				"north": {
					"uv": [
						9.5,
						7,
						12,
						7.5
					],
					"texture": "#0"
				},
				"east": {
					"uv": [
						11.5,
						4,
						12,
						4.5
					],
					"texture": "#0"
				},
				"south": {
					"uv": [
						9.5,
						7.5,
						12,
						8
					],
					"texture": "#0"
				},
				"west": {
					"uv": [
						4.5,
						11.5,
						5,
						12
					],
					"texture": "#0"
				},
				"up": {
					"uv": [
						12,
						8.5,
						9.5,
						8
					],
					"texture": "#0"
				},
				"down": {
					"uv": [
						12,
						8.5,
						9.5,
						9
					],
					"texture": "#0"
				}
			}
		}
	],
	"display": {
		"head": {
			"rotation": [
				0,
				180,
				0
			]
		}
	}
}