{
	"textures": {
		"0": "animated_java:item/vantera/texture_blank"
	},
	"elements": [
		{
			"from": [
				8.11026,
				7.93582,
				7.4487000000000005
			],
			"to": [
				9.212869999999999,
				13.448879999999999,
				8.55131
			],
			"rotation": {
				"angle": -22.5,
				"axis": "z",
				"origin": [
					8,
					9.7,
					8
				]
			},
			"faces": {
				"north": {
					"uv": [
						2.5,
						4.5,
						3.5,
						9
					],
					"texture": "#0"
				},
				"east": {
					"uv": [
						3.5,
						4.5,
						4.5,
						9
					],
					"texture": "#0"
				},
				"south": {
					"uv": [
						4.5,
						0,
						5.5,
						4.5
					],
					"texture": "#0"
				},
				"west": {
					"uv": [
						1.5,
						4.5,
						2.5,
						9
					],
					"texture": "#0"
				},
				"up": {
					"uv": [
						11,
						2,
						10,
						1
					],
					"rotation": 180,
					"texture": "#0"
				},
				"down": {
					"uv": [
						3,
						10,
						2,
						11
					],
					"rotation": 180,
					"texture": "#0"
				}
			}
		},
		{
			"from": [
				9.43339,
				12.677050000000001,
				7.38886
			],
			"to": [
				10.536,
				18.19011,
				8.61115
			],
			"rotation": {
				"angle": 0,
				"axis": "y",
				"origin": [
					8,
					9.7,
					8
				]
			},
			"faces": {
				"north": {
					"uv": [
						5.5,
						4.5,
						6.5,
						9
					],
					"texture": "#0"
				},
				"east": {
					"uv": [
						6.5,
						0,
						7.5,
						4.5
					],
					"texture": "#0"
				},
				"south": {
					"uv": [
						4.5,
						4.5,
						5.5,
						9
					],
					"texture": "#0"
				},
				"west": {
					"uv": [
						5.5,
						0,
						6.5,
						4.5
					],
					"texture": "#0"
				},
				"up": {
					"uv": [
						11,
						3,
						10,
						2
					],
					"rotation": 180,
					"texture": "#0"
				},
				"down": {
					"uv": [
						4,
						10,
						3,
						11
					],
					"rotation": 180,
					"texture": "#0"
				}
			}
		},
		{
			"from": [
				9.323129999999999,
				12.677150000000001,
				8.055140000000002
			],
			"to": [
				9.87444,
				18.19021,
				9.709050000000001
			],
			"rotation": {
				"angle": -45,
				"axis": "y",
				"origin": [
					9.70904,
					15.43358,
					9.102620000000002
				]
			},
			"faces": {
				"north": {
					"uv": [
						7,
						7.5,
						7.5,
						12
					],
					"texture": "#0"
				},
				"east": {
					"uv": [
						1.5,
						0,
						3,
						4.5
					],
					"texture": "#0"
				},
				"south": {
					"uv": [
						6.5,
						7.5,
						7,
						12
					],
					"texture": "#0"
				},
				"west": {
					"uv": [
						0,
						0,
						1.5,
						4.5
					],
					"texture": "#0"
				},
				"up": {
					"uv": [
						6,
						12,
						5.5,
						10.5
					],
					"rotation": 180,
					"texture": "#0"
				},
				"down": {
					"uv": [
						11,
						10.5,
						10.5,
						12
					],
					"rotation": 180,
					"texture": "#0"
				}
			}
		},
		{
			"from": [
				10.86679,
				12.677150000000001,
				6.897390000000001
			],
			"to": [
				11.41809,
				18.19021,
				8.55131
			],
			"rotation": {
				"angle": 45,
				"axis": "y",
				"origin": [
					9.70904,
					15.43358,
					9.102620000000002
				]
			},
			"faces": {
				"north": {
					"uv": [
						8.5,
						7.5,
						9,
						12
					],
					"texture": "#0"
				},
				"east": {
					"uv": [
						0,
						4.5,
						1.5,
						9
					],
					"texture": "#0"
				},
				"south": {
					"uv": [
						8.5,
						3,
						9,
						7.5
					],
					"texture": "#0"
				},
				"west": {
					"uv": [
						3,
						0,
						4.5,
						4.5
					],
					"texture": "#0"
				},
				"up": {
					"uv": [
						0.5,
						12.5,
						0,
						11
					],
					"rotation": 180,
					"texture": "#0"
				},
				"down": {
					"uv": [
						11.5,
						0,
						11,
						1.5
					],
					"rotation": 180,
					"texture": "#0"
				}
			}
		},
		{
			"from": [
				9.102609999999999,
				17.6388,
				6.732
			],
			"to": [
				9.70904,
				18.19011,
				9.32314
			],
			"rotation": {
				"angle": 0,
				"axis": "y",
				"origin": [
					8,
					9.7,
					8
				]
			},
			"faces": {
				"north": {
					"uv": [
						2,
						11.5,
						2.5,
						12
					],
					"texture": "#0"
				},
				"east": {
					"uv": [
						9,
						10,
						11,
						10.5
					],
					"texture": "#0"
				},
				"south": {
					"uv": [
						1.5,
						11.5,
						2,
						12
					],
					"texture": "#0"
				},
				"west": {
					"uv": [
						4,
						10,
						6,
						10.5
					],
					"texture": "#0"
				},
				"up": {
					"uv": [
						8.5,
						11,
						8,
						9
					],
					"rotation": 180,
					"texture": "#0"
				},
				"down": {
					"uv": [
						11,
						3,
						10.5,
						5
					],
					"rotation": 180,
					"texture": "#0"
				}
			}
		},
		{
			"from": [
				9.45623,
				11.57444,
				6.994280000000001
			],
			"to": [
				10.00753,
				12.84244,
				9.03411
			],
			"rotation": {
				"angle": -22.5,
				"axis": "z",
				"origin": [
					9.787009999999999,
					12.677050000000001,
					8.86872
				]
			},
			"faces": {
				"north": {
					"uv": [
						8,
						11,
						8.5,
						12
					],
					"texture": "#0"
				},
				"east": {
					"uv": [
						4.5,
						9,
						6,
						10
					],
					"texture": "#0"
				},
				"south": {
					"uv": [
						5,
						11,
						5.5,
						12
					],
					"texture": "#0"
				},
				"west": {
					"uv": [
						9,
						4,
						10.5,
						5
					],
					"texture": "#0"
				},
				"up": {
					"uv": [
						1,
						12.5,
						0.5,
						11
					],
					"rotation": 180,
					"texture": "#0"
				},
				"down": {
					"uv": [
						1.5,
						11,
						1,
						12.5
					],
					"rotation": 180,
					"texture": "#0"
				}
			}
		},
		{
			"from": [
				13.62332,
				13.228349999999999,
				7.77948
			],
			"to": [
				14.06436,
				15.98488,
				8.22053
			],
			"rotation": {
				"angle": 45,
				"axis": "z",
				"origin": [
					8,
					9.7,
					8
				]
			},
			"faces": {
				"north": {
					"uv": [
						7.5,
						9,
						8,
						11.5
					],
					"texture": "#0"
				},
				"east": {
					"uv": [
						9,
						7.5,
						9.5,
						10
					],
					"texture": "#0"
				},
				"south": {
					"uv": [
						9,
						5,
						9.5,
						7.5
					],
					"texture": "#0"
				},
				"west": {
					"uv": [
						6,
						9,
						6.5,
						11.5
					],
					"texture": "#0"
				},
				"up": {
					"uv": [
						3,
						12,
						2.5,
						11.5
					],
					"rotation": 180,
					"texture": "#0"
				},
				"down": {
					"uv": [
						3.5,
						11.5,
						3,
						12
					],
					"rotation": 180,
					"texture": "#0"
				}
			}
		},
		{
			"from": [
				5.022939999999999,
				14.772010000000002,
				7.503830000000001
			],
			"to": [
				7.77947,
				15.213049999999999,
				7.944870000000001
			],
			"rotation": {
				"angle": -22.5,
				"axis": "z",
				"origin": [
					8,
					9.7,
					8
				]
			},
			"faces": {
				"north": {
					"uv": [
						9.5,
						5.5,
						12,
						6
					],
					"texture": "#0"
				},
				"east": {
					"uv": [
						4,
						11.5,
						4.5,
						12
					],
					"texture": "#0"
				},
				"south": {
					"uv": [
						9.5,
						5,
						12,
						5.5
					],
					"texture": "#0"
				},
				"west": {
					"uv": [
						11.5,
						3.5,
						12,
						4
					],
					"texture": "#0"
				},
				"up": {
					"uv": [
						12,
						6.5,
						9.5,
						6
					],
					"rotation": 180,
					"texture": "#0"
				},
				"down": {
					"uv": [
						12,
						6.5,
						9.5,
						7
					],
					"rotation": 180,
					"texture": "#0"
				}
			}
		},
		{
			"from": [
				6.67686,
				13.448879999999999,
				7.889740000000001
			],
			"to": [
				9.43339,
				13.88992,
				8.33079
			],
			"rotation": {
				"angle": 0,
				"axis": "y",
				"origin": [
					8,
					9.7,
					8
				]
			},
			"faces": {
				"north": {
					"uv": [
						9.5,
						7.5,
						12,
						8
					],
					"texture": "#0"
				},
				"east": {
					"uv": [
						4.5,
						11.5,
						5,
						12
					],
					"texture": "#0"
				},
				"south": {
					"uv": [
						9.5,
						7,
						12,
						7.5
					],
					"texture": "#0"
				},
				"west": {
					"uv": [
						11.5,
						4,
						12,
						4.5
					],
					"texture": "#0"
				},
				"up": {
					"uv": [
						12,
						8.5,
						9.5,
						8
					],
					"rotation": 180,
					"texture": "#0"
				},
				"down": {
					"uv": [
						12,
						8.5,
						9.5,
						9
					],
					"rotation": 180,
					"texture": "#0"
				}
			}
		}
	],
	"display": {
		"head": {
			"rotation": [
				0,
				180,
				0
			]
		}
	}
}