{
	"textures": {
		"0": "animated_java:item/vantera/texture_blank"
	},
	"elements": [
		{
			"from": [
				7.2897300000000005,
				9.25297,
				7.49977
			],
			"to": [
				8.54269,
				13.01187,
				8.75274
			],
			"rotation": {
				"angle": 0,
				"axis": "y",
				"origin": [
					3.21758,
					8,
					15.33082
				]
			},
			"faces": {
				"north": {
					"uv": [
						7.5,
						6,
						8.5,
						9
					],
					"texture": "#0"
				},
				"east": {
					"uv": [
						6.5,
						4.5,
						7.5,
						7.5
					],
					"texture": "#0"
				},
				"south": {
					"uv": [
						7.5,
						0,
						8.5,
						3
					],
					"texture": "#0"
				},
				"west": {
					"uv": [
						7.5,
						3,
						8.5,
						6
					],
					"texture": "#0"
				},
				"up": {
					"uv": [
						8.5,
						1,
						7.5,
						0
					],
					"rotation": 90,
					"texture": "#0"
				},
				"down": {
					"uv": [
						2,
						10,
						1,
						11
					],
					"rotation": 270,
					"texture": "#0"
				}
			}
		},
		{
			"from": [
				8.20048,
				9.904,
				7.18653
			],
			"to": [
				8.85594,
				10.61297,
				8.31798
			],
			"rotation": {
				"angle": 0,
				"axis": "y",
				"origin": [
					3.21758,
					8,
					15.33082
				]
			},
			"faces": {
				"north": {
					"uv": [
						11.5,
						1,
						12,
						1.5
					],
					"texture": "#0"
				},
				"east": {
					"uv": [
						4,
						11,
						5,
						11.5
					],
					"texture": "#0"
				},
				"south": {
					"uv": [
						11.5,
						0.5,
						12,
						1
					],
					"texture": "#0"
				},
				"west": {
					"uv": [
						11,
						4.5,
						12,
						5
					],
					"texture": "#0"
				},
				"up": {
					"uv": [
						10,
						11.5,
						9,
						11
					],
					"rotation": 90,
					"texture": "#0"
				},
				"down": {
					"uv": [
						12,
						10,
						11,
						10.5
					],
					"rotation": 270,
					"texture": "#0"
				}
			}
		},
		{
			"from": [
				8.20048,
				9.224,
				7.18653
			],
			"to": [
				8.85594,
				9.932970000000001,
				9.06598
			],
			"rotation": {
				"angle": 0,
				"axis": "y",
				"origin": [
					3.21758,
					8,
					15.33082
				]
			},
			"faces": {
				"north": {
					"uv": [
						11.5,
						0,
						12,
						0.5
					],
					"texture": "#0"
				},
				"east": {
					"uv": [
						4,
						10.5,
						5.5,
						11
					],
					"texture": "#0"
				},
				"south": {
					"uv": [
						11,
						11,
						11.5,
						11.5
					],
					"texture": "#0"
				},
				"west": {
					"uv": [
						9,
						10.5,
						10.5,
						11
					],
					"texture": "#0"
				},
				"up": {
					"uv": [
						12,
						9.5,
						10.5,
						9
					],
					"rotation": 90,
					"texture": "#0"
				},
				"down": {
					"uv": [
						12,
						9.5,
						10.5,
						10
					],
					"rotation": 270,
					"texture": "#0"
				}
			}
		},
		{
			"from": [
				6.9764800000000005,
				9.224,
				7.18653
			],
			"to": [
				8.24394,
				10.00097,
				7.97798
			],
			"rotation": {
				"angle": 0,
				"axis": "y",
				"origin": [
					3.21758,
					8,
					15.33082
				]
			},
			"faces": {
				"north": {
					"uv": [
						11,
						3,
						12,
						3.5
					],
					"texture": "#0"
				},
				"east": {
					"uv": [
						10,
						11,
						10.5,
						11.5
					],
					"texture": "#0"
				},
				"south": {
					"uv": [
						11,
						2.5,
						12,
						3
					],
					"texture": "#0"
				},
				"west": {
					"uv": [
						11,
						10.5,
						11.5,
						11
					],
					"texture": "#0"
				},
				"up": {
					"uv": [
						4,
						12,
						3.5,
						11
					],
					"rotation": 90,
					"texture": "#0"
				},
				"down": {
					"uv": [
						11.5,
						3.5,
						11,
						4.5
					],
					"rotation": 270,
					"texture": "#0"
				}
			}
		},
		{
			"from": [
				6.9764800000000005,
				9.224,
				7.93453
			],
			"to": [
				8.24394,
				9.52497,
				9.06598
			],
			"rotation": {
				"angle": 0,
				"axis": "y",
				"origin": [
					3.21758,
					8,
					15.33082
				]
			},
			"faces": {
				"north": {
					"uv": [
						2.5,
						11,
						3.5,
						11.5
					],
					"texture": "#0"
				},
				"east": {
					"uv": [
						1.5,
						11,
						2.5,
						11.5
					],
					"texture": "#0"
				},
				"south": {
					"uv": [
						11,
						1.5,
						12,
						2
					],
					"texture": "#0"
				},
				"west": {
					"uv": [
						11,
						2,
						12,
						2.5
					],
					"texture": "#0"
				},
				"up": {
					"uv": [
						10.5,
						10,
						9.5,
						9
					],
					"rotation": 90,
					"texture": "#0"
				},
				"down": {
					"uv": [
						1,
						10,
						0,
						11
					],
					"rotation": 270,
					"texture": "#0"
				}
			}
		},
		{
			"from": [
				6.9764800000000005,
				8,
				7.18653
			],
			"to": [
				8.85594,
				9.25297,
				9.06598
			],
			"rotation": {
				"angle": 0,
				"axis": "y",
				"origin": [
					3.21758,
					8,
					15.33082
				]
			},
			"faces": {
				"north": {
					"uv": [
						9,
						3,
						10.5,
						4
					],
					"texture": "#0"
				},
				"east": {
					"uv": [
						0,
						9,
						1.5,
						10
					],
					"texture": "#0"
				},
				"south": {
					"uv": [
						1.5,
						9,
						3,
						10
					],
					"texture": "#0"
				},
				"west": {
					"uv": [
						3,
						9,
						4.5,
						10
					],
					"texture": "#0"
				},
				"up": {
					"uv": [
						10,
						1.5,
						8.5,
						0
					],
					"rotation": 90,
					"texture": "#0"
				},
				"down": {
					"uv": [
						10,
						1.5,
						8.5,
						3
					],
					"rotation": 270,
					"texture": "#0"
				}
			}
		}
	],
	"display": {
		"head": {
			"rotation": [
				0,
				180,
				0
			]
		}
	}
}