{
	"textures": {
		"0": "animated_java:item/vantera/texture_blank"
	},
	"elements": [
		{
			"from": [
				7.37352,
				7.99526,
				6.621740000000001
			],
			"to": [
				8.62648,
				14.2601,
				7.87471
			],
			"rotation": {
				"angle": -22.5,
				"axis": "x",
				"origin": [
					8,
					10,
					8
				]
			},
			"faces": {
				"north": {
					"uv": [
						3.5,
						4.5,
						4.5,
						9
					],
					"texture": "#0"
				},
				"east": {
					"uv": [
						4.5,
						0,
						5.5,
						4.5
					],
					"texture": "#0"
				},
				"south": {
					"uv": [
						1.5,
						4.5,
						2.5,
						9
					],
					"texture": "#0"
				},
				"west": {
					"uv": [
						2.5,
						4.5,
						3.5,
						9
					],
					"texture": "#0"
				},
				"up": {
					"uv": [
						11,
						2,
						10,
						1
					],
					"rotation": 90,
					"texture": "#0"
				},
				"down": {
					"uv": [
						3,
						10,
						2,
						11
					],
					"rotation": 270,
					"texture": "#0"
				}
			}
		},
		{
			"from": [
				7.8747,
				14.2601,
				6.37115
			],
			"to": [
				8.37589,
				14.76128,
				9.50357
			],
			"rotation": {
				"angle": 0,
				"axis": "y",
				"origin": [
					8,
					10,
					8
				]
			},
			"faces": {
				"north": {
					"uv": [
						4.5,
						11.5,
						5,
						12
					],
					"texture": "#0"
				},
				"east": {
					"uv": [
						9.5,
						7,
						12,
						7.5
					],
					"texture": "#0"
				},
				"south": {
					"uv": [
						11.5,
						4,
						12,
						4.5
					],
					"texture": "#0"
				},
				"west": {
					"uv": [
						9.5,
						7.5,
						12,
						8
					],
					"texture": "#0"
				},
				"up": {
					"uv": [
						12,
						8.5,
						9.5,
						8
					],
					"rotation": 90,
					"texture": "#0"
				},
				"down": {
					"uv": [
						12,
						8.5,
						9.5,
						9
					],
					"rotation": 270,
					"texture": "#0"
				}
			}
		},
		{
			"from": [
				7.43616,
				15.76366,
				8.2506
			],
			"to": [
				7.93735,
				16.26484,
				11.383020000000002
			],
			"rotation": {
				"angle": -22.5,
				"axis": "x",
				"origin": [
					8,
					10,
					8
				]
			},
			"faces": {
				"north": {
					"uv": [
						4,
						11.5,
						4.5,
						12
					],
					"texture": "#0"
				},
				"east": {
					"uv": [
						9.5,
						5,
						12,
						5.5
					],
					"texture": "#0"
				},
				"south": {
					"uv": [
						11.5,
						3.5,
						12,
						4
					],
					"texture": "#0"
				},
				"west": {
					"uv": [
						9.5,
						5.5,
						12,
						6
					],
					"texture": "#0"
				},
				"up": {
					"uv": [
						12,
						6.5,
						9.5,
						6
					],
					"rotation": 90,
					"texture": "#0"
				},
				"down": {
					"uv": [
						12,
						6.5,
						9.5,
						7
					],
					"rotation": 270,
					"texture": "#0"
				}
			}
		},
		{
			"from": [
				7.74941,
				14.0095,
				1.1086800000000006
			],
			"to": [
				8.25059,
				17.14192,
				1.6098700000000008
			],
			"rotation": {
				"angle": 45,
				"axis": "x",
				"origin": [
					8,
					10,
					8
				]
			},
			"faces": {
				"north": {
					"uv": [
						9,
						7.5,
						9.5,
						10
					],
					"texture": "#0"
				},
				"east": {
					"uv": [
						9,
						5,
						9.5,
						7.5
					],
					"texture": "#0"
				},
				"south": {
					"uv": [
						6,
						9,
						6.5,
						11.5
					],
					"texture": "#0"
				},
				"west": {
					"uv": [
						7.5,
						9,
						8,
						11.5
					],
					"texture": "#0"
				},
				"up": {
					"uv": [
						3,
						12,
						2.5,
						11.5
					],
					"rotation": 90,
					"texture": "#0"
				},
				"down": {
					"uv": [
						3.5,
						11.5,
						3,
						12
					],
					"rotation": 270,
					"texture": "#0"
				}
			}
		},
		{
			"from": [
				6.85713,
				12.130049999999999,
				5.71871
			],
			"to": [
				9.17512,
				13.57096,
				6.3452
			],
			"rotation": {
				"angle": -22.5,
				"axis": "x",
				"origin": [
					8.98717,
					13.38302,
					5.96931
				]
			},
			"faces": {
				"north": {
					"uv": [
						4.5,
						9,
						6,
						10
					],
					"texture": "#0"
				},
				"east": {
					"uv": [
						5,
						11,
						5.5,
						12
					],
					"texture": "#0"
				},
				"south": {
					"uv": [
						9,
						4,
						10.5,
						5
					],
					"texture": "#0"
				},
				"west": {
					"uv": [
						8,
						11,
						8.5,
						12
					],
					"texture": "#0"
				},
				"up": {
					"uv": [
						1,
						12.5,
						0.5,
						11
					],
					"rotation": 90,
					"texture": "#0"
				},
				"down": {
					"uv": [
						1.5,
						11,
						1,
						12.5
					],
					"rotation": 270,
					"texture": "#0"
				}
			}
		},
		{
			"from": [
				6.55909,
				19.021369999999997,
				6.0579
			],
			"to": [
				9.50356,
				19.64786,
				6.74704
			],
			"rotation": {
				"angle": 0,
				"axis": "y",
				"origin": [
					8,
					10,
					8
				]
			},
			"faces": {
				"north": {
					"uv": [
						9,
						10,
						11,
						10.5
					],
					"texture": "#0"
				},
				"east": {
					"uv": [
						1.5,
						11.5,
						2,
						12
					],
					"texture": "#0"
				},
				"south": {
					"uv": [
						4,
						10,
						6,
						10.5
					],
					"texture": "#0"
				},
				"west": {
					"uv": [
						2,
						11.5,
						2.5,
						12
					],
					"texture": "#0"
				},
				"up": {
					"uv": [
						8.5,
						11,
						8,
						9
					],
					"rotation": 90,
					"texture": "#0"
				},
				"down": {
					"uv": [
						11,
						3,
						10.5,
						5
					],
					"rotation": 270,
					"texture": "#0"
				}
			}
		},
		{
			"from": [
				6.7470300000000005,
				13.38314,
				4.1158
			],
			"to": [
				8.62648,
				19.64798,
				4.742290000000001
			],
			"rotation": {
				"angle": 45,
				"axis": "y",
				"origin": [
					9.25297,
					16.515439999999998,
					6.0579
				]
			},
			"faces": {
				"north": {
					"uv": [
						0,
						4.5,
						1.5,
						9
					],
					"texture": "#0"
				},
				"east": {
					"uv": [
						8.5,
						3,
						9,
						7.5
					],
					"texture": "#0"
				},
				"south": {
					"uv": [
						3,
						0,
						4.5,
						4.5
					],
					"texture": "#0"
				},
				"west": {
					"uv": [
						8.5,
						7.5,
						9,
						12
					],
					"texture": "#0"
				},
				"up": {
					"uv": [
						0.5,
						12.5,
						0,
						11
					],
					"rotation": 90,
					"texture": "#0"
				},
				"down": {
					"uv": [
						11.5,
						0,
						11,
						1.5
					],
					"rotation": 270,
					"texture": "#0"
				}
			}
		},
		{
			"from": [
				8.06265,
				13.38314,
				5.869960000000001
			],
			"to": [
				9.9421,
				19.64798,
				6.49644
			],
			"rotation": {
				"angle": -45,
				"axis": "y",
				"origin": [
					9.25297,
					16.515439999999998,
					6.0579
				]
			},
			"faces": {
				"north": {
					"uv": [
						1.5,
						0,
						3,
						4.5
					],
					"texture": "#0"
				},
				"east": {
					"uv": [
						6.5,
						7.5,
						7,
						12
					],
					"texture": "#0"
				},
				"south": {
					"uv": [
						0,
						0,
						1.5,
						4.5
					],
					"texture": "#0"
				},
				"west": {
					"uv": [
						7,
						7.5,
						7.5,
						12
					],
					"texture": "#0"
				},
				"up": {
					"uv": [
						6,
						12,
						5.5,
						10.5
					],
					"rotation": 90,
					"texture": "#0"
				},
				"down": {
					"uv": [
						11,
						10.5,
						10.5,
						12
					],
					"rotation": 270,
					"texture": "#0"
				}
			}
		},
		{
			"from": [
				7.30552,
				13.38302,
				5.118180000000001
			],
			"to": [
				8.69448,
				19.64786,
				6.37115
			],
			"rotation": {
				"angle": 0,
				"axis": "y",
				"origin": [
					8,
					10,
					8
				]
			},
			"faces": {
				"north": {
					"uv": [
						6.5,
						0,
						7.5,
						4.5
					],
					"texture": "#0"
				},
				"east": {
					"uv": [
						4.5,
						4.5,
						5.5,
						9
					],
					"texture": "#0"
				},
				"south": {
					"uv": [
						5.5,
						0,
						6.5,
						4.5
					],
					"texture": "#0"
				},
				"west": {
					"uv": [
						5.5,
						4.5,
						6.5,
						9
					],
					"texture": "#0"
				},
				"up": {
					"uv": [
						11,
						3,
						10,
						2
					],
					"rotation": 90,
					"texture": "#0"
				},
				"down": {
					"uv": [
						4,
						10,
						3,
						11
					],
					"rotation": 270,
					"texture": "#0"
				}
			}
		}
	],
	"display": {
		"head": {
			"rotation": [
				0,
				180,
				0
			]
		}
	}
}