{
	"parent": "item/generated",
	"textures": {
		"layer0": "minecraft:item/iron_nugget"
	},
	"overrides": [
		{
			"predicate": {
				"custom_model_data": 1
			},
			"model": "item/animated_java_empty"
		},
		{
			"predicate": {
				"custom_model_data": 2
			},
			"model": "animated_java:item/vantera/6upper"
		},
		{
			"predicate": {
				"custom_model_data": 3
			},
			"model": "animated_java:item/vantera/6lower"
		},
		{
			"predicate": {
				"custom_model_data": 4
			},
			"model": "animated_java:item/vantera/5upper"
		},
		{
			"predicate": {
				"custom_model_data": 5
			},
			"model": "animated_java:item/vantera/5lower"
		},
		{
			"predicate": {
				"custom_model_data": 6
			},
			"model": "animated_java:item/vantera/4upper"
		},
		{
			"predicate": {
				"custom_model_data": 7
			},
			"model": "animated_java:item/vantera/4lower"
		},
		{
			"predicate": {
				"custom_model_data": 8
			},
			"model": "animated_java:item/vantera/3upper"
		},
		{
			"predicate": {
				"custom_model_data": 9
			},
			"model": "animated_java:item/vantera/3lower"
		},
		{
			"predicate": {
				"custom_model_data": 10
			},
			"model": "animated_java:item/vantera/2upper"
		},
		{
			"predicate": {
				"custom_model_data": 11
			},
			"model": "animated_java:item/vantera/2lower"
		},
		{
			"predicate": {
				"custom_model_data": 12
			},
			"model": "animated_java:item/vantera/1upper"
		},
		{
			"predicate": {
				"custom_model_data": 13
			},
			"model": "animated_java:item/vantera/1lower"
		},
		{
			"predicate": {
				"custom_model_data": 14
			},
			"model": "animated_java:item/vantera/stage_1/6upper"
		},
		{
			"predicate": {
				"custom_model_data": 15
			},
			"model": "animated_java:item/vantera/stage_1/6lower"
		},
		{
			"predicate": {
				"custom_model_data": 16
			},
			"model": "animated_java:item/vantera/stage_1/5upper"
		},
		{
			"predicate": {
				"custom_model_data": 17
			},
			"model": "animated_java:item/vantera/stage_1/5lower"
		},
		{
			"predicate": {
				"custom_model_data": 18
			},
			"model": "animated_java:item/vantera/stage_1/4upper"
		},
		{
			"predicate": {
				"custom_model_data": 19
			},
			"model": "animated_java:item/vantera/stage_1/4lower"
		},
		{
			"predicate": {
				"custom_model_data": 20
			},
			"model": "animated_java:item/vantera/stage_1/3upper"
		},
		{
			"predicate": {
				"custom_model_data": 21
			},
			"model": "animated_java:item/vantera/stage_1/3lower"
		},
		{
			"predicate": {
				"custom_model_data": 22
			},
			"model": "animated_java:item/vantera/stage_1/2upper"
		},
		{
			"predicate": {
				"custom_model_data": 23
			},
			"model": "animated_java:item/vantera/stage_1/2lower"
		},
		{
			"predicate": {
				"custom_model_data": 24
			},
			"model": "animated_java:item/vantera/stage_1/1upper"
		},
		{
			"predicate": {
				"custom_model_data": 25
			},
			"model": "animated_java:item/vantera/stage_1/1lower"
		},
		{
			"predicate": {
				"custom_model_data": 26
			},
			"model": "animated_java:item/florinus/hooknorth"
		},
		{
			"predicate": {
				"custom_model_data": 27
			},
			"model": "animated_java:item/florinus/hooksouth"
		},
		{
			"predicate": {
				"custom_model_data": 28
			},
			"model": "animated_java:item/florinus/hookwest"
		},
		{
			"predicate": {
				"custom_model_data": 29
			},
			"model": "animated_java:item/florinus/hookeast"
		},
		{
			"predicate": {
				"custom_model_data": 30
			},
			"model": "animated_java:item/florinus/fruit"
		},
		{
			"predicate": {
				"custom_model_data": 31
			},
			"model": "animated_java:item/florinus/stem"
		},
		{
			"predicate": {
				"custom_model_data": 32
			},
			"model": "animated_java:item/florinus/northleavebottom"
		},
		{
			"predicate": {
				"custom_model_data": 33
			},
			"model": "animated_java:item/florinus/eastleavebottom"
		},
		{
			"predicate": {
				"custom_model_data": 34
			},
			"model": "animated_java:item/florinus/souteavebottom"
		},
		{
			"predicate": {
				"custom_model_data": 35
			},
			"model": "animated_java:item/florinus/westleavebottom"
		},
		{
			"predicate": {
				"custom_model_data": 36
			},
			"model": "animated_java:item/florinus/northinerleaves"
		},
		{
			"predicate": {
				"custom_model_data": 37
			},
			"model": "animated_java:item/florinus/eastinerleaves"
		},
		{
			"predicate": {
				"custom_model_data": 38
			},
			"model": "animated_java:item/florinus/innersouthleaves"
		},
		{
			"predicate": {
				"custom_model_data": 39
			},
			"model": "animated_java:item/florinus/westinnerleaves"
		},
		{
			"predicate": {
				"custom_model_data": 40
			},
			"model": "animated_java:item/florinus/plant"
		},
		{
			"predicate": {
				"custom_model_data": 41
			},
			"model": "animated_java:item/florinus/stage_1/hooknorth"
		},
		{
			"predicate": {
				"custom_model_data": 42
			},
			"model": "animated_java:item/florinus/stage_1/hooksouth"
		},
		{
			"predicate": {
				"custom_model_data": 43
			},
			"model": "animated_java:item/florinus/stage_1/hookwest"
		},
		{
			"predicate": {
				"custom_model_data": 44
			},
			"model": "animated_java:item/florinus/stage_1/hookeast"
		},
		{
			"predicate": {
				"custom_model_data": 45
			},
			"model": "animated_java:item/florinus/stage_1/fruit"
		},
		{
			"predicate": {
				"custom_model_data": 46
			},
			"model": "animated_java:item/florinus/stage_1/stem"
		},
		{
			"predicate": {
				"custom_model_data": 47
			},
			"model": "animated_java:item/florinus/stage_1/northleavebottom"
		},
		{
			"predicate": {
				"custom_model_data": 48
			},
			"model": "animated_java:item/florinus/stage_1/eastleavebottom"
		},
		{
			"predicate": {
				"custom_model_data": 49
			},
			"model": "animated_java:item/florinus/stage_1/souteavebottom"
		},
		{
			"predicate": {
				"custom_model_data": 50
			},
			"model": "animated_java:item/florinus/stage_1/westleavebottom"
		},
		{
			"predicate": {
				"custom_model_data": 51
			},
			"model": "animated_java:item/florinus/stage_1/northinerleaves"
		},
		{
			"predicate": {
				"custom_model_data": 52
			},
			"model": "animated_java:item/florinus/stage_1/eastinerleaves"
		},
		{
			"predicate": {
				"custom_model_data": 53
			},
			"model": "animated_java:item/florinus/stage_1/innersouthleaves"
		},
		{
			"predicate": {
				"custom_model_data": 54
			},
			"model": "animated_java:item/florinus/stage_1/westinnerleaves"
		},
		{
			"predicate": {
				"custom_model_data": 55
			},
			"model": "animated_java:item/florinus/stage_1/plant"
		},
		{
			"predicate": {
				"custom_model_data": 56
			},
			"model": "animated_java:item/nereus/base"
		},
		{
			"predicate": {
				"custom_model_data": 57
			},
			"model": "animated_java:item/nereus/nug1"
		},
		{
			"predicate": {
				"custom_model_data": 58
			},
			"model": "animated_java:item/nereus/water1"
		},
		{
			"predicate": {
				"custom_model_data": 59
			},
			"model": "animated_java:item/nereus/collection1"
		},
		{
			"predicate": {
				"custom_model_data": 60
			},
			"model": "animated_java:item/nereus/nug2"
		},
		{
			"predicate": {
				"custom_model_data": 61
			},
			"model": "animated_java:item/nereus/water2"
		},
		{
			"predicate": {
				"custom_model_data": 62
			},
			"model": "animated_java:item/nereus/collection2"
		},
		{
			"predicate": {
				"custom_model_data": 63
			},
			"model": "animated_java:item/nereus/twig"
		},
		{
			"predicate": {
				"custom_model_data": 64
			},
			"model": "animated_java:item/nereus/bulb"
		},
		{
			"predicate": {
				"custom_model_data": 65
			},
			"model": "animated_java:item/nereus/stage_1/base"
		},
		{
			"predicate": {
				"custom_model_data": 66
			},
			"model": "animated_java:item/nereus/stage_1/nug1"
		},
		{
			"predicate": {
				"custom_model_data": 67
			},
			"model": "animated_java:item/nereus/stage_1/water1"
		},
		{
			"predicate": {
				"custom_model_data": 68
			},
			"model": "animated_java:item/nereus/stage_1/collection1"
		},
		{
			"predicate": {
				"custom_model_data": 69
			},
			"model": "animated_java:item/nereus/stage_1/nug2"
		},
		{
			"predicate": {
				"custom_model_data": 70
			},
			"model": "animated_java:item/nereus/stage_1/water2"
		},
		{
			"predicate": {
				"custom_model_data": 71
			},
			"model": "animated_java:item/nereus/stage_1/collection2"
		},
		{
			"predicate": {
				"custom_model_data": 72
			},
			"model": "animated_java:item/nereus/stage_1/twig"
		},
		{
			"predicate": {
				"custom_model_data": 73
			},
			"model": "animated_java:item/nereus/stage_1/bulb"
		},
		{
			"predicate": {
				"custom_model_data": 74
			},
			"model": "animated_java:item/everild/eyes"
		},
		{
			"predicate": {
				"custom_model_data": 75
			},
			"model": "animated_java:item/everild/mouthtop"
		},
		{
			"predicate": {
				"custom_model_data": 76
			},
			"model": "animated_java:item/everild/mouthbottom"
		},
		{
			"predicate": {
				"custom_model_data": 77
			},
			"model": "animated_java:item/everild/body"
		},
		{
			"predicate": {
				"custom_model_data": 78
			},
			"model": "animated_java:item/everild/rightupper"
		},
		{
			"predicate": {
				"custom_model_data": 79
			},
			"model": "animated_java:item/everild/rightfoot"
		},
		{
			"predicate": {
				"custom_model_data": 80
			},
			"model": "animated_java:item/everild/rightlower"
		},
		{
			"predicate": {
				"custom_model_data": 81
			},
			"model": "animated_java:item/everild/leftupper"
		},
		{
			"predicate": {
				"custom_model_data": 82
			},
			"model": "animated_java:item/everild/leftfoot"
		},
		{
			"predicate": {
				"custom_model_data": 83
			},
			"model": "animated_java:item/everild/leftlower"
		},
		{
			"predicate": {
				"custom_model_data": 84
			},
			"model": "animated_java:item/everild/2/eyes"
		},
		{
			"predicate": {
				"custom_model_data": 85
			},
			"model": "animated_java:item/everild/2/mouthtop"
		},
		{
			"predicate": {
				"custom_model_data": 86
			},
			"model": "animated_java:item/everild/2/mouthbottom"
		},
		{
			"predicate": {
				"custom_model_data": 87
			},
			"model": "animated_java:item/everild/2/body"
		},
		{
			"predicate": {
				"custom_model_data": 88
			},
			"model": "animated_java:item/everild/2/rightupper"
		},
		{
			"predicate": {
				"custom_model_data": 89
			},
			"model": "animated_java:item/everild/2/rightfoot"
		},
		{
			"predicate": {
				"custom_model_data": 90
			},
			"model": "animated_java:item/everild/2/rightlower"
		},
		{
			"predicate": {
				"custom_model_data": 91
			},
			"model": "animated_java:item/everild/2/leftupper"
		},
		{
			"predicate": {
				"custom_model_data": 92
			},
			"model": "animated_java:item/everild/2/leftfoot"
		},
		{
			"predicate": {
				"custom_model_data": 93
			},
			"model": "animated_java:item/everild/2/leftlower"
		},
		{
			"predicate": {
				"custom_model_data": 94
			},
			"model": "animated_java:item/everild/3/eyes"
		},
		{
			"predicate": {
				"custom_model_data": 95
			},
			"model": "animated_java:item/everild/3/mouthtop"
		},
		{
			"predicate": {
				"custom_model_data": 96
			},
			"model": "animated_java:item/everild/3/mouthbottom"
		},
		{
			"predicate": {
				"custom_model_data": 97
			},
			"model": "animated_java:item/everild/3/body"
		},
		{
			"predicate": {
				"custom_model_data": 98
			},
			"model": "animated_java:item/everild/3/rightupper"
		},
		{
			"predicate": {
				"custom_model_data": 99
			},
			"model": "animated_java:item/everild/3/rightfoot"
		},
		{
			"predicate": {
				"custom_model_data": 100
			},
			"model": "animated_java:item/everild/3/rightlower"
		},
		{
			"predicate": {
				"custom_model_data": 101
			},
			"model": "animated_java:item/everild/3/leftupper"
		},
		{
			"predicate": {
				"custom_model_data": 102
			},
			"model": "animated_java:item/everild/3/leftfoot"
		},
		{
			"predicate": {
				"custom_model_data": 103
			},
			"model": "animated_java:item/everild/3/leftlower"
		}
	],
	"animated_java": {
		"rigs": {
			"vantera": {
				"used_ids": [
					2,
					3,
					4,
					5,
					6,
					7,
					8,
					9,
					10,
					11,
					12,
					13,
					14,
					15,
					16,
					17,
					18,
					19,
					20,
					21,
					22,
					23,
					24,
					25
				]
			},
			"florinus": {
				"used_ids": [
					26,
					27,
					28,
					29,
					30,
					31,
					32,
					33,
					34,
					35,
					36,
					37,
					38,
					39,
					40,
					41,
					42,
					43,
					44,
					45,
					46,
					47,
					48,
					49,
					50,
					51,
					52,
					53,
					54,
					55
				]
			},
			"nereus": {
				"used_ids": [
					56,
					57,
					58,
					59,
					60,
					61,
					62,
					63,
					64,
					65,
					66,
					67,
					68,
					69,
					70,
					71,
					72,
					73
				]
			},
			"everild": {
				"used_ids": [
					74,
					75,
					76,
					77,
					78,
					79,
					80,
					81,
					82,
					83,
					84,
					85,
					86,
					87,
					88,
					89,
					90,
					91,
					92,
					93,
					94,
					95,
					96,
					97,
					98,
					99,
					100,
					101,
					102,
					103
				]
			}
		}
	}
}